IdContacto,Dirección,Ciudad,Teléfono fijo,Celular,Correo personal,Correo institucional
CON001,"Cr. 119R # 20-4, Santa Sofía",Santa Sofía,+57 329 083 86 37,(+57) 300 265 42 35,lopezdiana@example.com,mario78@cardozo.com
CON002,"Carrera 165 # 80-1 Sur, Tocaima",Tocaima,+573149434368,327 156 92 20,sebastian07@example.com,stellagonzalez@mosquera.info
CON003,"Carrera 51 # 60U-3 Sur, Apía",Apía,018001055800,6036272214,mvergara@example.org,trodriguez@bolanos.com
CON004,"Calle 9ª # 6Q-93 Sur, Villagómez",Villagómez,+57 321 225 95 72,(+57) 304 617 67 92,carmen59@example.net,juan61@gomez.com
CON005,"Transversal 5K # 9-59, Hato",Hato,018008284705,(+57) 609 903 13 29,ulopez@example.org,mauricioprada@gaviria.net
CON006,"Cr. 32 # 68-90 Este, San Sebastián de Buenavista",San Sebastián de Buenavista,+573077435404,57 326 253 95 01,gonzalezsofia@example.org,yolanda62@marin-rios.net
CON007,"Calle 176G # 4K-12 Sur, Manaure Balcón del Cesar",Manaure Balcón del Cesar,+573188165025,(+57) 304 724 19 16,jesus34@example.com,mesamarta@correa.info
CON008,"Avenida carrera 3ª # 67-5 Sur, Guamal",Guamal,3211107976,573175456572,ysanchez@example.net,elizabethquintero@rodriguez.net
CON009,"Cl. 23Y Este # 7-64 Este, Cabuyaro",Cabuyaro,+57 326 693 27 84,602 678 37 65,jairhernandez@example.org,patinoenrique@aguilar.com
CON010,"Transversal 8ª # 17-7, Hatonuevo",Hatonuevo,3232863011,+57 605 320 08 48,xayala@example.net,adrianagallego@miranda-gil.biz
CON011,"Carrera 33 # 4-95, La Argentina",La Argentina,+573184461777,302 643 09 54,carlos79@example.net,diazwendy@mendoza.com
CON012,"Cl. 13 # 4-7 Sur, Murillo",Murillo,609 622 47 40,+573072033505,castillocarmen@example.org,diana07@lopez.info
CON013,"Carrera 4 Este # 2-3, Génova",Génova,305 761 70 73,57 607 374 45 77,ynaranjo@example.org,umarin@gomez.org
CON014,"Av. calle 1ª # 1-8, Paz de Río",Paz de Río,(+57)3187339304,+573066538027,jaime12@example.com,dianagutierrez@carrillo.com
CON015,"Calle 132 # 2-49 Este, Palmito",Palmito,573052826712,+57 319 379 49 99,edgar22@example.com,nicolaspena@munoz-duque.com
CON016,"Calle 93 # 1-68, Calima",Calima,(+57)6089417165,+573091295651,hgarcia@example.com,pgomez@perdomo-rodriguez.org
CON017,"Calle 71 # 94F-39 Sur, Campoalegre",Campoalegre,57 310 145 56 16,01 8001 472 145,ssilva@example.org,gonzalezmiguel@contreras.org
CON018,"Cl. 7ª # 4-1 Este, Samaná",Samaná,(+57)3234800226,+57 302 597 20 55,luis29@example.net,jcaceres@pinzon.com
CON019,"Cl. 27 # 65-5 Sur, Morichal",Morichal,+576054158517,573080634615,ogarcia@example.com,isabelramirez@orjuela.net
CON020,"Av. Hilda Soto Morales # 5-43, Los Palmitos",Los Palmitos,57 301 158 76 05,(+57) 305 769 47 57,ufernandez@example.com,gonzalo53@arias-ortega.com
CON021,"Calle 40 # 18-1 Este, Venecia",Venecia,57 300 102 72 40,+573159342967,hoyosana@example.net,magnoliagalvis@burbano-andrade.info
CON022,"Calle 109 # 49-58, San Bernardo del Viento",San Bernardo del Viento,6048187186,+573199805626,constanza04@example.com,natalia78@rojas.biz
CON023,"Calle 66 # 2-41 Sur, Cimitarra",Cimitarra,5785169,320 890 58 36,scaicedo@example.net,myriambonilla@trujillo.com
CON024,"Diagonal 195 # 50-27 Este, Maceo",Maceo,573185432987,3298936529,yaneth71@example.com,olayawilliam@velandia.com
CON025,"Cr. 16 # 21H-94, Úmbita",Úmbita,01 8006 151 554,(+57) 607 234 01 63,diazmiguel@example.com,wlopez@cordoba.com
CON026,"Cr. 132F # 26-6, San Pablo",San Pablo,+57 607 704 85 07,+573134460422,oguerrero@example.net,jenny01@lopez.com
CON027,"Carrera 49 # 6-51, Amagá",Amagá,+573006002302,+57 326 550 52 24,lopezfabian@example.org,cparra@alvarez.com
CON028,"Cr. 9G # 8-30, Tabio",Tabio,(+57) 311 080 92 61,+57 316 201 65 55,aduque@example.com,melba86@valencia-uribe.info
CON029,"Av. carrera 4ª # 43-4 Sur, Guapi",Guapi,(+57)3033395211,679 08 07,emma94@example.com,erickceballos@castillo-zambrano.com
CON030,"Transversal 8ª # 19T-1 Sur, Yalí",Yalí,+57 329 646 52 80,573042875721,camilo62@example.com,alvarezeduard@bohorquez-palacio.com
CON031,"Cl. 32 # 4-7 Este, Cértegui",Cértegui,(+57) 309 951 54 21,3147732449,velandiaenrique@example.org,rojaspedro@rodriguez.net
CON032,"Cl. 4ª # 62-5, Socotá",Socotá,+57 311 721 31 45,(+57)6033951510,mcontreras@example.org,qsanchez@suarez.com
CON033,"Carrera 166 # 7-1 Sur, Distracción",Distracción,312 740 33 44,57 310 566 58 83,davidmendoza@example.com,garciacecilia@acosta.com
CON034,"Calle 150 # 48-69 Este, Quinchía",Quinchía,(+57) 329 163 75 62,01 8009 002 877,anarincon@example.org,marcos08@caicedo.biz
CON035,"Carrera 101 # 47-13 Este, San Andrés",San Andrés,+573161648408,57 318 877 04 35,nunezclaudia@example.net,pinedalaura@perdomo.com
CON036,"Calle 25 # 30-4 Este, Villanueva",Villanueva,576029617445,(+57)3205349493,farias@example.org,milenamontenegro@moreno.com
CON037,"Cr. 30 # 3-2 Este, Neira",Neira,3015818970,57 319 161 18 63,vanessa81@example.net,carlos77@rueda.biz
CON038,"Av. Sergio Jairo López # 91-45 Este, Villahermosa",Villahermosa,(+57)3011703037,+57 313 715 39 88,rafael47@example.net,edgarlopez@torres.biz
CON039,"Cl. 92 # 4-28 Sur, Rovira",Rovira,(+57) 608 103 77 10,(+57) 304 964 10 49,yzapata@example.com,ngomez@diaz-mejia.com
CON040,"Cl. 66 # 3-39, Orocué",Orocué,57 300 044 96 46,(+57)6036293900,hernandezmartha@example.net,zquintero@contreras-hurtado.com
CON041,"Calle 178C Bis # 2-1, Guarne",Guarne,+57 608 131 16 78,+57 317 635 32 23,wgonzalez@example.net,patriciahernandez@delgado.biz
CON042,"Cl. 5A Bis Z # 93-13 Sur, Villahermosa",Villahermosa,+57 603 735 46 62,(+57)3140165995,robinsonrodriguez@example.net,lperez@perez.com
CON043,"Carrera 169L # 88-15, Marmato",Marmato,573072063459,712 38 29,yesenia24@example.org,francisco31@morales-medina.biz
CON044,"Tr. 53A Bis F # 93-4 Sur, Corozal",Corozal,57 313 828 04 05,3212996508,marianacastellanos@example.net,katerineortiz@florez.com
CON045,"Diagonal 148Q Sur # 5-31, Quibdó",Quibdó,(+57) 601 359 36 45,01 8002 313 427,sebastian76@example.com,albertomartinez@valencia.com
CON046,"Cl. 4G # 8B-9, Riohacha",Riohacha,57 601 517 19 60,6066214441,ocardona@example.org,enriquedelgado@ospina.com
CON047,"Cl. 192 # 5-81 Sur, Ciénega",Ciénega,573012360186,309 945 41 38,yolanda15@example.com,jaimeagudelo@lara.org
CON048,"Carrera 104P Este # 3N-6 Este, Buesaco",Buesaco,(+57)6064521746,+573137801891,miriam73@example.com,gabriel71@acosta.org
CON049,"Diagonal 33K # 16-97 Sur, Momil",Momil,+57 328 686 56 29,3058228280,silvalucia@example.com,mariaburbano@herrera.biz
CON050,"Cr. 5B # 5-4 Este, Santa Bárbara",Santa Bárbara,(+57) 300 701 64 51,6068463681,diazjose@example.com,gomezelkin@quintero-medina.com
CON051,"Cr. 48 # 15Q-8 Este, Lenguazaque",Lenguazaque,573258578375,3281678434,reyesedward@example.org,orjuelajesus@arevalo.info
CON052,"Dg. 57 # 6-32 Sur, Cimitarra",Cimitarra,+57 302 041 64 15,(+57)3074051337,gabrielangulo@example.com,hrivera@buitrago.net
CON053,"Calle 194K # 35-7 Este, Puerto Nariño",Puerto Nariño,(+57) 608 355 96 64,57 606 230 74 23,rosa14@example.org,jesus93@alzate.biz
CON054,"Cr. 127 # 6-69, Calarcá",Calarcá,3287409038,7214629,torresomar@example.net,romeroyessica@maldonado.com
CON055,"Cr. 59 # 57-3 Este, Río Iró",Río Iró,+57 601 429 46 43,573129045886,kbeltran@example.com,juansierra@rivera.com
CON056,"Diagonal 1ª # 2-26 Este, Pajarito",Pajarito,+576074804661,2767699,jesus07@example.net,juan11@hurtado.org
CON057,"Avenida calle 73 # 1-8, Filadelfia",Filadelfia,(+57) 609 361 58 38,876 48 46,camilagallego@example.org,lauramanrique@riascos.com
CON058,"Tr. 16 # 6-49 Sur, La Sierra",La Sierra,+576091637311,(+57) 306 741 30 75,estebanquiroga@example.org,milena13@perez-duran.net
CON059,"Cr. 65 # 9I-99 Este, Bolívar",Bolívar,(+57)3158298493,300 674 58 47,lmartinez@example.com,sandra28@meza.com
CON060,"Calle 2ª # 56-44 Este, Guamal",Guamal,(+57) 319 995 16 79,+573035055738,maricela68@example.org,lopezjohan@pena.com
CON061,"Cl. 14 # 61-5 Sur, Guática",Guática,573147022960,573143270185,poloomaira@example.net,carlos56@palacio-palacio.com
CON062,"Calle 4ª # 8-5, Onzaga",Onzaga,(+57)3261707587,(+57)3271215134,fredyzambrano@example.com,juandominguez@castaneda.com
CON063,"Calle 28 # 16-94 Este, Belmira",Belmira,57 603 103 90 91,57 300 252 09 45,eduardocastaneda@example.com,carlos95@zuluaga.com
CON064,"Cl. 199D Bis S # 4-59 Sur, Cartagena de Indias",Cartagena de Indias,+573243946408,01 8002 230 958,uhernandez@example.com,adalbertocamacho@franco.com
CON065,"Carrera 120M # 82-49 Sur, Ancuya",Ancuya,+57 603 359 53 32,+573239389920,juliana73@example.com,carmensalazar@palacios.info
CON066,"Cr. 41 Bis # 91D-73, Soacha",Soacha,+573083928861,317 612 28 68,alexander89@example.com,roberto85@pena-barrera.com
CON067,"Carrera 8 Bis # 5-7 Sur, Choachí",Choachí,57 317 293 41 72,573032971674,lauragomez@example.org,alonso52@nino.com
CON068,"Av. calle 115 # 5-2, San José del Fragua",San José del Fragua,(+57)3156409196,(+57)3095787520,zarenas@example.org,munozedilma@soto.org
CON069,"Calle 12 # 6-6 Sur, Marquetalia",Marquetalia,018000284139,6062808823,mariahernandez@example.org,albaramos@romero.com
CON070,"Carrera 176 # 9-8, La Tebaida",La Tebaida,(+57)6033267731,+573260759889,abernal@example.com,hectorrubio@duque.com
CON071,"Tr. 194Q # 64G-33 Sur, Vianí",Vianí,5824008,+57 608 871 09 47,rosa04@example.com,pintoyenny@escobar.com
CON072,"Cl. 5ª # 30L-3 Este, Suesca",Suesca,(+57) 311 201 83 66,(+57)3252545991,sanchezalfonso@example.org,ortizalexander@calderon-pena.com
CON073,"Transversal 52 # 1-81 Este, Armenia",Armenia,573222683885,(+57)6067606071,ablanco@example.com,parrajunior@meneses.info
CON074,"Cl. 157 # 6-71 Sur, Girón",Girón,+57 305 271 11 16,609 652 80 98,penaomar@example.com,bolanosalberto@lopez-palacios.com
CON075,"Calle 1I # 7-9, Fúquene",Fúquene,(+57)6089775891,309 084 70 07,gosorio@example.com,fgarcia@leon-martinez.com
CON076,"Transversal 84 Este # 85J-21, Linares",Linares,306 851 60 48,57 602 475 49 65,jrodriguez@example.com,jorgeacevedo@chavez-suarez.biz
CON077,"Cr. 2N # 7T-5, Cepitá",Cepitá,57 313 773 51 58,310 643 17 13,martineznelly@example.org,patriciacabrera@orozco.com
CON078,"Calle 55O # 86-54, Juradó",Juradó,+57 317 136 95 94,3106409097,jaime39@example.com,fernandobeltran@tovar.com
CON079,"Tr. 159 # 91-75 Sur, Arjona",Arjona,57 328 091 34 31,573211724005,jimenezjaneth@example.org,andresospina@perez.org
CON080,"Avenida carrera 164 # 20-4 Este, Algeciras",Algeciras,(+57)3041232812,4679740,camilo71@example.net,martinmesa@fernandez.com
CON081,"Calle 185 # 17-47 Sur, Mitú",Mitú,01 8002 477 109,57 302 480 86 13,restrepopaola@example.org,ssaavedra@rueda.info
CON082,"Avenida calle 54 # 8S-3 Sur, Suesca",Suesca,018007558867,+573133963605,zrueda@example.com,yojeda@puentes.net
CON083,"Carrera 35 # 55-6 Sur, San Andrés de Tumaco",San Andrés de Tumaco,(+57) 308 083 13 67,01 8003 777 014,karinavargas@example.net,elsy85@orjuela-caicedo.com
CON084,"Av. carrera 119 # 5-7 Sur, Pensilvania",Pensilvania,+573019314919,576061586518,gpinto@example.com,fernando72@diaz-guzman.com
CON085,"Avenida carrera 3ª # 10R-26 Este, Salamina",Salamina,573227204653,(+57)3255646417,zambranoluz@example.com,jesusocampo@gomez.com
CON086,"Cl. 171 # 63-64 Este, Sácama",Sácama,222 36 23,3265876036,lespitia@example.net,zuluagasebastian@acosta-valderrama.com
CON087,"Avenida calle 4ª # 33-13, Turbaco",Turbaco,57 307 917 69 36,57 326 320 16 32,pmartinez@example.org,dhernandez@contreras.info
CON088,"Carrera 4M # 1-96 Este, Los Santos",Los Santos,+573056159514,+57 324 656 48 23,yvergara@example.net,davidsuarez@palacio.org
CON089,"Diagonal 125 # 2-34 Este, Villeta",Villeta,57 302 764 83 50,300 564 13 95,jesusmedina@example.net,isanchez@sarmiento.com
CON090,"Carrera 9ª # 9-2, Vegachí",Vegachí,(+57)6041913619,469 98 54,daniela62@example.net,ester10@beltran-londono.com
CON091,"Cr. 186L # 32X-33 Sur, Buenavista",Buenavista,6027256342,576044733754,duranfanny@example.com,paradayaneth@palacios.com
CON092,"Cr. 110 # 25-4, Pueblo Rico",Pueblo Rico,+573087262473,(+57)6024781080,silviaramos@example.com,perezmaria@ortiz-paez.info
CON093,"Cr. 29N # 8-99 Sur, Tutazá",Tutazá,01 8000 184 514,573227048281,hector89@example.org,katherineperez@prada.com
CON094,"Diagonal 5ª # 52D-2, Santiago",Santiago,01 8002 449 353,+57 308 740 16 40,quinterocarmen@example.com,jairocaicedo@londono-gonzalez.com
CON095,"Av. carrera 3ª # 7-49 Este, Espinal",Espinal,+573046578713,301 509 83 93,garciafernando@example.org,espitiahumberto@molina.info
CON096,"Cr. 49I Este # 6-20 Este, Guadalupe",Guadalupe,322 897 52 67,322 233 06 04,qtorres@example.org,patriciacarmona@gaviria-rincon.com
CON097,"Av. calle 5ª # 52-50 Este, Los Córdobas",Los Córdobas,+573272690326,315 132 76 17,oscar02@example.com,pablo59@romero.com
CON098,"Carrera 9 Este # 1-24 Este, Viracachá",Viracachá,+57 609 427 20 02,3182322041,yaneth43@example.net,eliasestrada@gonzalez.com
CON099,"Avenida carrera 82 # 22-4 Sur, Sahagún",Sahagún,+573002816506,+57 306 300 59 37,zcruz@example.net,leonines@duque.com
CON100,"Avenida calle 140 # 9-93, Cáchira",Cáchira,+57 327 387 75 83,303 647 70 41,oscarcalderon@example.net,valderramadoris@luna.com
CON101,"Calle 78 # 36H-72 Sur, Chámeza",Chámeza,6014937966,(+57)3041918255,estermunoz@example.com,juan96@gonzalez.com
CON102,"Cl. 91 # 99H-3 Este, Caicedo",Caicedo,+57 312 244 47 21,3064647154,oscarzapata@example.net,yinethhernandez@nunez.org
CON103,"Calle 55 # 4-34 Este, La Primavera",La Primavera,018004044566,4782633,lmoreno@example.net,dcamargo@mercado-alvarez.com
CON104,"Cr. 36C # 8-9 Sur, Neira",Neira,(+57) 318 868 78 59,(+57) 314 862 87 20,patriciaportilla@example.com,agudelojessica@suarez-rodriguez.info
CON105,"Cl. 19 # 9-22 Este, Sonsón",Sonsón,(+57)3025381793,305 548 64 01,johanna78@example.net,correaandres@maldonado.com
CON106,"Carrera 43 # 7-1 Este, Vianí",Vianí,57 318 694 27 67,3183173066,santiagorojas@example.net,ariassamir@salgado.net
CON107,"Cl. 109B Bis I # 90-85 Sur, Suaza",Suaza,355 59 06,328 790 25 91,mariaariza@example.com,natalygonzalez@rivas.biz
CON108,"Carrera 59F # 4-20 Sur, Sativasur",Sativasur,(+57) 329 258 49 07,+573042031977,bgutierrez@example.com,david14@molina.com
CON109,"Av. Herrera # 39D-72 Sur, La Gloria",La Gloria,(+57)6037317536,(+57) 307 528 64 61,diegonaranjo@example.com,cardonasebastian@rodriguez.com
CON110,"Avenida Elías Medina # 7-3, Silvia",Silvia,018000598312,(+57) 304 129 07 59,nalvarez@example.net,rodolfogonzalez@parada.com
CON111,"Calle 53 # 55-9 Sur, Junín",Junín,(+57) 601 803 53 16,601 279 13 86,fabian11@example.com,ramirezmarcela@lopez.com
CON112,"Cl. 2Y Sur # 9-6, Sampués",Sampués,323 411 46 13,57 301 555 30 15,mariamartinez@example.com,maria78@sandoval.com
CON113,"Carrera 141 # 5-2, Los Córdobas",Los Córdobas,(+57)3199285535,(+57)3120561006,kjaramillo@example.org,medinaelisa@martinez.info
CON114,"Avenida Alberto Cruz # 95-8, Zaragoza",Zaragoza,+57 316 271 35 89,(+57) 319 335 39 00,luis61@example.com,gina31@quintero.org
CON115,"Avenida Valle del Cauca # 14-3 Sur, Dosquebradas",Dosquebradas,576046429019,+57 328 953 69 02,pcastellanos@example.org,bustosjonatan@mora.biz
CON116,"Calle 9 Este # 27-12 Sur, El Retorno",El Retorno,609 533 46 01,3020138825,carolinafuentes@example.net,manuelgarcia@giraldo.biz
CON117,"Av. carrera 124 # 65-9 Sur, Soledad",Soledad,+573200623945,(+57) 302 640 76 08,adriana12@example.net,torresedward@molina.net
CON118,"Cl. 4Z # 7-27 Este, La Cumbre",La Cumbre,(+57)3118626713,573284101328,alejandratorres@example.net,dianarios@ariza.info
CON119,"Transversal 132 # 5-50 Este, Los Santos",Los Santos,01 8002 070 015,573116516231,guzmanpablo@example.net,yurani13@gonzalez.org
CON120,"Dg. 1ª # 2-6, Yarumal",Yarumal,573059479507,3107173279,granadoscamilo@example.net,jorge31@rodriguez.com
CON121,"Avenida calle 12 # 28-58, Policarpa",Policarpa,(+57)6028927976,+57 321 596 98 38,judith72@example.net,arroyoarmando@narvaez.com
CON122,"Carrera 92 # 66-5 Este, Zipaquirá",Zipaquirá,323 203 31 92,(+57) 603 927 05 10,esalazar@example.com,jose13@medina.com
CON123,"Carrera 155 # 7-7 Este, Chivatá",Chivatá,(+57)3035158807,2532601,fabiangarcia@example.org,hernandobustamante@hernandez-gaviria.com
CON124,"Dg. 1ª # 4-81, San Juan de Betulia",San Juan de Betulia,+573217318939,57 324 909 61 73,qangel@example.com,jacqueline25@ramos.com
CON125,"Carrera 108 # 4-37 Sur, Miranda",Miranda,(+57) 328 147 61 74,(+57) 601 924 38 64,alarconjose@example.net,dpena@pinzon.org
CON126,"Tr. 190 # 8-60 Este, Líbano",Líbano,+57 609 730 45 01,164 23 61,ceciliapatino@example.com,paolarincon@galvis-caballero.org
CON127,"Cl. 194 # 51-9 Sur, Salento",Salento,(+57)3124578715,(+57) 324 156 08 21,hermesserrano@example.org,carmen54@mejia-bustamante.com
CON128,"Cl. 78 # 59-1 Este, Puerto Salgar",Puerto Salgar,573254243826,+57 604 685 50 74,escobarerika@example.net,alberto70@jaramillo.biz
CON129,"Avenida Camilo Salas Polo # 1-79, San Juanito",San Juanito,573180589258,302 067 99 81,yohanaserna@example.org,maryacosta@martinez.net
CON130,"Av. Córdoba # 49-2, Ubalá",Ubalá,+57 316 843 35 67,+576065860414,alejandro35@example.org,mariamartinez@ruiz.org
CON131,"Transversal 36 # 88E-26 Sur, El Paujíl",El Paujíl,(+57)3023467299,573193874302,zmartinez@example.net,andreschavez@cruz-escobar.com
CON132,"Calle 96 # 89-8 Sur, Puerto Colombia",Puerto Colombia,+573295703996,(+57) 608 263 77 92,martinezfrancy@example.org,paola89@perez-duran.com
CON133,"Calle 3ª # 22-72, Chiscas",Chiscas,+576041705184,(+57)3152958066,martinezaugusto@example.net,miguelgarcia@gomez-leon.net
CON134,"Carrera 3ª # 4-6 Este, Los Palmitos",Los Palmitos,573162127602,57 310 826 11 23,sanchezsandra@example.org,monicaguzman@loaiza.org
CON135,"Carrera 125 # 76-38, Chima",Chima,604 102 25 80,(+57)3169067447,ochoaesther@example.org,tatianacastaneda@portilla-vargas.biz
CON136,"Cl. 67 # 45-46, Mongua",Mongua,+57 325 748 17 00,+57 316 615 54 16,angela16@example.com,angaritaesperanza@burbano.com
CON137,"Calle 182 # 22-35, Belalcázar",Belalcázar,57 323 465 49 50,6019507026,ucastellanos@example.net,ceciliarodriguez@lopez.com
CON138,"Transversal 36B Bis M # 60-6, Piojó",Piojó,573137769366,57 304 392 52 95,gmarquez@example.org,roseromaria@osorio.com
CON139,"Cl. 4ª # 1-89 Sur, Milán",Milán,322 162 18 33,309 192 96 92,rodriguezgladys@example.org,lgarcia@gomez-martinez.net
CON140,"Calle 8 Bis V # 94-5 Este, Puerto Rico",Puerto Rico,306 241 86 23,(+57) 319 036 28 91,pacosta@example.net,knino@arenas.biz
CON141,"Diagonal 73 # 3-6 Este, Inzá",Inzá,888 31 24,+573236772443,elena54@example.net,kdelgado@bastidas.com
CON142,"Avenida Milena Tamayo # 82-6 Sur, Tópaga",Tópaga,+573204310385,3295579887,isuarez@example.com,fabiantorres@manrique-solano.com
CON143,"Carrera 3ª # 9-34 Sur, La Chorrera",La Chorrera,+57 606 518 38 54,+576086064454,gabrielmeza@example.org,hernandezelena@bustamante.info
CON144,"Cl. 186D # 62-80 Este, Villahermosa",Villahermosa,316 398 36 52,5375830,diana54@example.net,calderonmaria@bedoya-castillo.com
CON145,"Calle 6ª # 75-6, Tasco",Tasco,57 307 773 03 16,57 328 719 26 15,luis20@example.org,linamartinez@pedraza-gutierrez.com
CON146,"Cr. 118 # 72-4 Este, Ocamonte",Ocamonte,316 126 67 83,6049557371,ccano@example.org,marinahoyos@castellanos.com
CON147,"Avenida Vichada # 81-80, Suesca",Suesca,602 399 18 08,57 608 235 24 78,jorgequintero@example.org,mirandamelissa@solano-rodriguez.info
CON148,"Cl. 21 # 34-3 Sur, San Francisco",San Francisco,624 62 09,573000461526,rocio10@example.org,cesarorozco@palacios-mora.com
CON149,"Calle 21 # 6-80 Sur, Cogua",Cogua,(+57) 304 974 70 00,+57 609 768 76 44,kcastillo@example.com,fsalgado@ayala-florez.com
CON150,"Cr. 168J Bis # 7-56 Este, San Juan de Arama",San Juan de Arama,+57 327 820 82 97,(+57)3074896908,julianasanchez@example.org,santiago65@acevedo.com
CON151,"Diagonal 199 # 20-75 Este, El Rosal",El Rosal,187 24 01,57 328 356 74 30,rodriguezjulio@example.org,vcarrillo@cortes.biz
CON152,"Carrera 154K Sur # 12-86 Sur, Bello",Bello,573299913831,6037064332,arleyrincon@example.com,etorres@murcia-mora.com
CON153,"Cl. 167 # 99-97 Este, Alcalá",Alcalá,327 828 06 47,+57 319 545 00 90,fredyromero@example.net,cabreraantonio@lopez-herrera.com
CON154,"Cr. 45 # 41-8 Este, Guatavita",Guatavita,3251588157,307 639 28 36,albertorosero@example.com,paola66@castrillon.com
CON155,"Carrera 96 # 1-19, Córdoba",Córdoba,(+57) 607 459 99 96,(+57) 311 863 71 59,thenao@example.org,sandracortes@nino.info
CON156,"Cl. 40 # 1-89, Suaza",Suaza,+576079514054,+573056521568,sierraivan@example.org,cacosta@perez-carrillo.com
CON157,"Av. Valle del Cauca # 92-47, Palermo",Palermo,573042853541,(+57) 310 199 19 84,guzmanmaria@example.net,ortegaeduardo@duque.com
CON158,"Cr. 76 # 71-9 Este, Venadillo",Venadillo,(+57) 305 775 90 17,311 863 63 74,pablo58@example.net,carlosreyes@santos-castellanos.com
CON159,"Cl. 19O # 9Z-4 Este, La Uvita",La Uvita,+573050615814,01 8008 810 798,olgabautista@example.org,angelabecerra@gomez.com
CON160,"Carrera 3ª # 6-88 Sur, Villa Rica",Villa Rica,573294703180,(+57)3133962746,jmendoza@example.org,juan83@bermudez.com
CON161,"Av. carrera 4ª # 77H-65 Sur, Fonseca",Fonseca,326 487 84 96,3024945104,upineda@example.org,kescobar@valencia-lozano.com
CON162,"Dg. 34 # 36-6, Calarcá",Calarcá,+576096857383,314 514 60 91,camilagarcia@example.net,nubia55@torres.biz
CON163,"Carrera 104L # 86-42, Piamonte",Piamonte,3062611424,(+57)3062585421,lozanozulma@example.net,menaramiro@henao.com
CON164,"Transversal 9J # 3-95, Paya",Paya,573285054235,57 323 322 14 18,durangerman@example.net,juansanchez@serrano.com
CON165,"Calle 10I # 44-99 Este, Roncesvalles",Roncesvalles,(+57)6026949053,573004998094,zoviedo@example.net,phenao@ramirez.info
CON166,"Carrera 93 Sur # 90-7 Este, Pueblorrico",Pueblorrico,+576083347644,573249082771,diazjuan@example.net,ingridvalencia@diaz.com
CON167,"Cl. 2R # 1-56 Sur, Liborina",Liborina,3214378844,(+57)3070661875,amunoz@example.com,manuelgiraldo@parra.com
CON168,"Avenida carrera 8ª # 3J-85 Este, Ráquira",Ráquira,(+57)6087936785,3163913810,hsuarez@example.net,kgonzalez@perez-bedoya.com
CON169,"Carrera 5E # 60-2, Pinchote",Pinchote,576089900701,57 310 205 02 54,wperez@example.net,diegogarzon@garcia.com
CON170,"Av. calle 77 # 3-98 Sur, Gámeza",Gámeza,+57 314 649 11 11,6028961798,sotohernando@example.org,jaimecaicedo@ramirez.com
CON171,"Carrera 168 # 7-9 Sur, Majagual",Majagual,(+57) 601 925 89 37,+573180623504,vergaraarturo@example.com,vpadilla@cruz.com
CON172,"Diagonal 74 # 43-9 Sur, Villavicencio",Villavicencio,573058001061,(+57) 321 753 44 30,beltranluz@example.net,leandrohenao@yepes.biz
CON173,"Cl. 27 # 4-7, Argelia",Argelia,576016608277,(+57) 314 616 07 62,tcastro@example.net,maria95@restrepo.com
CON174,"Calle 83 # 9-1 Sur, San Gil",San Gil,429 27 66,+573223950410,jimenaacosta@example.com,lizethrueda@munoz-contreras.biz
CON175,"Cr. 2A # 42-4 Sur, Chima",Chima,(+57) 324 742 29 83,+573196677153,anguloclaudia@example.org,antonia36@rodriguez-pinzon.com
CON176,"Carrera 61 # 77-5, Cunday",Cunday,+573135670789,(+57)3275542619,morenojulio@example.com,santiagoacosta@zambrano-hernandez.com
CON177,"Transversal 111 # 3Q-64, Espinal",Espinal,328 630 90 07,421 02 42,javier73@example.net,romeroalexander@duran.org
CON178,"Tr. 172 # 3-6, Güepsa",Güepsa,+57 603 401 82 85,302 970 49 37,jose91@example.com,nestor11@benitez-meneses.info
CON179,"Cl. 24 # 87-86 Este, Tamalameque",Tamalameque,573200643459,(+57)3231730332,carlos67@example.com,qtriana@gonzalez-rodriguez.net
CON180,"Calle 63 # 15G-12 Sur, Balboa",Balboa,+57 604 517 76 25,3092983168,nprieto@example.net,rperea@ariza.com
CON181,"Cr. 106 # 95-13 Este, Nuevo Colón",Nuevo Colón,+573228321528,310 676 25 15,alvarogaitan@example.org,stella44@rodriguez.org
CON182,"Tr. 189L Sur # 11-7, La Virginia",La Virginia,57 323 563 16 31,3097557261,mhurtado@example.com,yeniferlondono@lopez.net
CON183,"Avenida calle 121 # 5-77 Este, Morroa",Morroa,605 935 92 66,573298939698,galvarez@example.com,eduardo15@fernandez-gonzales.com
CON184,"Calle 31 # 3-10, San Jacinto del Cauca",San Jacinto del Cauca,57 317 134 32 40,+57 314 242 95 63,luisaramirez@example.com,jhon41@mosquera-morales.net
CON185,"Cr. 113 # 1S-3 Este, Pedraza",Pedraza,(+57) 608 478 46 99,(+57)3054946519,avilajose@example.org,luz80@narvaez.com
CON186,"Calle 2 Bis D # 4-37, Purificación",Purificación,606 301 70 26,573199118773,alexander78@example.com,edwin88@cantillo.biz
CON187,"Avenida calle 49 # 8-9, Puerto Caicedo",Puerto Caicedo,6480283,(+57) 301 589 29 09,luzmunoz@example.org,fguerrero@fuentes.com
CON188,"Calle 7C # 3-31, El Tablón de Gómez",El Tablón de Gómez,57 319 229 41 15,3230295596,nohorarestrepo@example.net,jorgeperez@camargo.com
CON189,"Carrera 134R # 1-4 Sur, Nátaga",Nátaga,241 31 81,01 8001 405 132,fernando79@example.net,alvarezgina@morales.com
CON190,"Carrera 80 # 96-79 Sur, Cubarral",Cubarral,6076790569,606 371 35 78,juliana63@example.com,villaandres@ortiz-jimenez.org
CON191,"Calle 199 Este # 79-9 Este, Tocaima",Tocaima,018004578317,573156424008,nubiacorrea@example.org,eerazo@rodriguez-osorio.com
CON192,"Carrera 6G # 32X-9 Este, Paz de Ariporo",Paz de Ariporo,320 562 27 10,573133187510,ehurtado@example.com,johannarodriguez@castro.org
CON193,"Cr. 47 # 7-64, Uribia",Uribia,+573098280737,3116724342,eangulo@example.com,imurillo@salgado.com
CON194,"Cl. 86 # 95-30, San Martín de Loba",San Martín de Loba,573186289023,+573003070534,armando86@example.net,duarteolga@hurtado-diaz.info
CON195,"Diagonal 77 # 7-11, La Celia",La Celia,+573028880700,+573110287451,samuelsanchez@example.org,garciasergio@jimenez-erazo.com
CON196,"Diagonal 104 Bis R # 7-4, Atrato",Atrato,302 645 64 96,(+57)3241991605,albertorodriguez@example.com,pazoscar@franco-torres.com
CON197,"Dg. 9ª # 22-8 Sur, Belén de los Andaquíes",Belén de los Andaquíes,1801963,+57 305 306 93 58,monicasantos@example.com,alonsorodriguez@mesa.biz
CON198,"Avenida Osorio # 8-71, Potosí",Potosí,57 302 012 65 78,01 8002 604 180,ignacio17@example.com,jose17@cruz-toro.com
CON199,"Cr. 23 # 5-9, Honda",Honda,57 327 365 56 19,+57 601 721 88 22,cesarsilva@example.com,paola61@mendez.com
CON200,"Carrera 7ª # 99-4 Este, Gachantivá",Gachantivá,+573026170505,018003534581,rubiela72@example.net,esther33@hoyos.com
CON201,"Carrera 2M # 50-83 Este, Manta",Manta,609 575 45 58,310 615 93 99,tomasgutierrez@example.com,cguevara@florez.info
CON202,"Carrera 16 # 12-10 Sur, Valparaíso",Valparaíso,+573028538631,9505243,luisrodriguez@example.com,eliasbenitez@perez.com
CON203,"Calle 82 # 5-17 Sur, Tibirita",Tibirita,(+57) 300 337 44 99,(+57) 327 093 39 13,ncano@example.com,diazfernando@garcia-roa.com
CON204,"Avenida Arenas # 15-82 Sur, Valparaíso",Valparaíso,+57 306 660 99 35,308 758 42 82,diana24@example.net,gonzalomaldonado@lopez.com
CON205,"Calle 183I # 1Z-96 Sur, Santa Rosa de Cabal",Santa Rosa de Cabal,+57 305 667 66 40,(+57) 307 350 47 63,andrespatino@example.org,carmen80@rodriguez.com
CON206,"Cl. 75 # 3-3, Santa Rosa de Viterbo",Santa Rosa de Viterbo,(+57)6037027621,(+57)3296927868,oflorez@example.org,kcalderon@sanabria-moreno.net
CON207,"Calle 159 # 1-51, Villamaría",Villamaría,+57 312 911 87 22,+57 322 471 83 01,marinjuan@example.com,mirandayeimy@cardona.net
CON208,"Carrera 34 # 8-90 Sur, Concordia",Concordia,01 8008 786 020,309 221 31 70,trujillooscar@example.com,nalfonso@guevara.info
CON209,"Cr. 171 # 7-5, La Playa",La Playa,852 26 55,573276952366,fmontoya@example.net,kellymurillo@silva-castano.com
CON210,"Carrera 58S Bis V # 9N-20, Guayatá",Guayatá,+57 312 003 42 44,(+57) 608 204 38 05,jairolondono@example.org,jhon06@guerrero-mesa.com
CON211,"Calle 39 # 17-45 Sur, Saravena",Saravena,301 453 03 85,+57 317 700 51 84,carlos92@example.com,pmorales@delgado.com
CON212,"Carrera 8J Bis N # 1-1 Sur, San Luis de Sincé",San Luis de Sincé,+57 608 214 10 70,573234850895,diazirma@example.net,ana19@trujillo.com
CON213,"Av. Córdoba # 8-9, Simacota",Simacota,+576014715182,+573278892554,vparra@example.net,angulojorge@valencia.biz
CON214,"Cl. 148 # 1-82 Sur, Moñitos",Moñitos,57 318 708 94 32,3298344369,arturo05@example.org,yolanda05@gomez.info
CON215,"Carrera 139O # 2-7, Viterbo",Viterbo,6057710021,322 324 87 63,davidgomez@example.org,favila@nino.net
CON216,"Cr. 156 # 1-62, Gachalá",Gachalá,(+57)6084508124,57 310 033 42 34,ruthcortes@example.org,mariabenitez@rodriguez.com
CON217,"Avenida calle 156 # 52-26, Maicao",Maicao,573208481876,3009906931,ymoreno@example.org,bernardo67@alvarez.com
CON218,"Cr. 162Q Bis D # 2-2 Este, Caicedo",Caicedo,608 848 56 46,576071246299,vnaranjo@example.net,luzortega@triana-rodriguez.com
CON219,"Calle 53 # 7-8 Sur, Samaná",Samaná,601 525 15 89,607 782 80 51,igomez@example.org,marinahernandez@cortes.org
CON220,"Carrera 130 # 1-9, San Sebastián de Buenavista",San Sebastián de Buenavista,+57 326 702 44 03,57 300 416 62 41,garciadaniel@example.net,vrodriguez@calderon.biz
CON221,"Calle 191 # 9-51 Este, Zipacón",Zipacón,+576086580778,3254420949,luz79@example.org,hoyosmargarita@trujillo.net
CON222,"Dg. 24 # 42-5 Este, Circasia",Circasia,573019262213,573004104294,williamgonzalez@example.net,kcuesta@leal.info
CON223,"Cr. 35F Sur # 2-73 Este, Betulia",Betulia,3236470465,+57 318 969 87 03,xcaicedo@example.org,gomezandres@carrillo-caceres.com
CON224,"Calle 81 # 65-1 Este, San Felipe",San Felipe,(+57) 324 128 65 58,57 609 467 59 23,fernandezmercedes@example.net,vasquezoscar@ardila.net
CON225,"Calle 52 # 92-94 Sur, La Argentina",La Argentina,+573013737145,576077311802,villegasfabian@example.net,enriqueparra@garcia-ortiz.com
CON226,"Avenida carrera 3ª # 9-72, Gualmatán",Gualmatán,(+57)3030212606,57 310 191 79 20,doragarcia@example.org,jaramillojohn@cabrera.com
CON227,"Dg. 82 # 14-10 Este, Sitionuevo",Sitionuevo,(+57) 607 108 60 14,+573119085432,zmonsalve@example.net,miguelcuellar@bonilla.biz
CON228,"Cl. 164 # 87-2 Este, Nobsa",Nobsa,576041659401,(+57) 309 027 87 42,facevedo@example.org,vromero@camacho-andrade.com
CON229,"Calle 3ª # 63-7 Sur, Santa Rosa de Viterbo",Santa Rosa de Viterbo,+57 324 460 78 90,325 199 19 81,xramos@example.org,carlospacheco@lopez-suarez.com
CON230,"Carrera 58 # 60I-98 Sur, Vegachí",Vegachí,(+57) 328 382 56 72,(+57) 312 084 67 29,juliethsalgado@example.net,felipe19@perez-perez.com
CON231,"Avenida Ginebra # 7-9 Sur, Casabianca",Casabianca,3202235697,(+57) 606 152 17 52,cardenaslaura@example.org,josefacabrera@hernandez.biz
CON232,"Cr. 195 # 3W-49, La Chorrera",La Chorrera,(+57)3042108902,018005155333,claudia43@example.org,maria71@rodriguez-salas.com
CON233,"Carrera 128O # 46B-3, Cali",Cali,(+57) 320 126 98 04,+57 306 658 95 24,kparra@example.com,jaimeshugo@mendoza-velez.com
CON234,"Calle 7ª # 81-7 Sur, Moniquirá",Moniquirá,172 68 08,(+57) 321 571 29 01,diego71@example.org,parradiana@restrepo.com
CON235,"Avenida calle 8ª # 34A-5, Puerto Gaitán",Puerto Gaitán,(+57) 604 855 54 68,(+57)3204116788,mosquerajuan@example.net,pilar73@giraldo.biz
CON236,"Cr. 73 # 3-90, Lérida",Lérida,+573132676992,+57 302 773 92 38,jesus02@example.org,marialopez@arroyo.com
CON237,"Cr. 62 # 1-45 Este, San Joaquín",San Joaquín,6026162585,576092204502,laura31@example.org,xhurtado@pacheco.info
CON238,"Transversal 2B # 3V-22, San Andrés",San Andrés,+573068960083,(+57) 307 612 89 89,mariaojeda@example.com,sara11@vargas.info
CON239,"Transversal 94 # 6-53, Samacá",Samacá,607 112 72 83,+573008764770,arroyoalexander@example.com,igonzalez@guevara.com
CON240,"Avenida carrera 4ª # 90X-4, Bucarasica",Bucarasica,3144704887,+57 329 950 47 02,estradadavid@example.com,patricia53@cardona.com
CON241,"Transversal 63 # 81M-9, Barrancas",Barrancas,(+57)3203211920,+57 311 363 85 27,wvasquez@example.com,ramirezlady@vasquez.com
CON242,"Calle 4ª # 22-51, Córdoba",Córdoba,+576058877972,+57 609 454 22 18,antonio58@example.org,felipetamayo@fuentes-ramos.com
CON243,"Av. Mario Corredor Mendoza # 6-3 Este, Durania",Durania,+57 313 530 59 70,573055128276,jennifermoreno@example.org,david89@villa.com
CON244,"Carrera 182 # 98A-70 Este, Socorro",Socorro,328 292 21 69,+573186693465,nora22@example.com,santiago85@daza.com
CON245,"Cr. 96I # 1-8, San José de Uré",San José de Uré,573090349446,+57 315 743 74 89,aorozco@example.net,luis99@jimenez-gonzalez.com
CON246,"Cl. 49 # 87-95, Liborina",Liborina,305 488 35 71,573014967914,tvargas@example.net,ybustamante@duarte-moreno.com
CON247,"Av. Ramírez # 89-57 Sur, Alvarado",Alvarado,+57 328 623 92 40,325 818 14 12,veronica82@example.com,monroyines@loaiza-granados.biz
CON248,"Cl. 54 # 60-4 Este, Rovira",Rovira,(+57) 607 360 96 74,57 322 053 64 99,gonzalezeduardo@example.net,maribel28@daza-perez.com
CON249,"Cr. 79E Bis # 48-3 Sur, Junín",Junín,018002386870,8794200,juan65@example.net,juanpalacios@perez.org
CON250,"Cr. 116Z # 21-3, El Encanto",El Encanto,325 452 79 85,573040132234,laurabejarano@example.com,garciaivan@gomez-gonzalez.net
CON251,"Cr. 196 # 51-9, Albania",Albania,+573000735658,(+57) 607 460 82 52,qarrieta@example.net,hernandezjose@giraldo.com
CON252,"Cr. 74 # 6-97 Sur, Cachipay",Cachipay,3222023413,3061117800,fsilva@example.org,david16@torres-daza.info
CON253,"Carrera 188 # 74-2 Sur, Calima",Calima,(+57)3003438300,6054914352,rincondairo@example.com,mendozacarlos@pena.biz
CON254,"Cr. 87 # 1-1 Este, Tarazá",Tarazá,57 314 364 59 70,609 208 22 07,laraoscar@example.net,yuliana53@valencia.com
CON255,"Avenida calle 94 # 89-2 Sur, Altos del Rosario",Altos del Rosario,2598445,(+57) 303 672 86 81,diazmarina@example.org,andresherrera@miranda-gonzalez.com
CON256,"Cr. 3J # 87-76 Este, Chinavita",Chinavita,(+57) 305 919 66 39,315 172 08 49,pjimenez@example.net,fanny12@osorio-diaz.com
CON257,"Dg. 50 # 55G-90 Este, Monterrey",Monterrey,01 8009 921 075,(+57) 605 524 59 33,jaramillocarlos@example.org,vanegaswilliam@reyes.org
CON258,"Cl. 59K # 3-1 Este, Guatapé",Guatapé,573037666969,573029533861,andrea18@example.org,pereawilliam@hernandez-arango.com
CON259,"Cl. 4T # 91-5 Este, Chocontá",Chocontá,(+57)6041966553,57 327 046 11 72,juan39@example.org,maria90@gutierrez-sepulveda.biz
CON260,"Cr. 3R # 5Z-7 Sur, Cubará",Cubará,+573244653255,(+57) 304 118 18 51,nidiacardona@example.net,pachecoisabel@cortes.net
CON261,"Carrera 4ª # 22-31, Remedios",Remedios,606 921 54 81,(+57) 605 168 68 76,cabreramartha@example.com,luis06@villamil-zambrano.com
CON262,"Cr. 96 # 5G-14, Apía",Apía,57 312 242 65 37,+573022191439,cruzjulieth@example.com,asandoval@castellanos.info
CON263,"Carrera 75 # 8-8 Este, Segovia",Segovia,573133276399,+576047460082,jcamargo@example.com,diazmanuel@martinez.com
CON264,"Tr. 61 # 94Q-9 Este, Almaguer",Almaguer,+57 310 080 17 98,(+57) 317 782 31 29,estefania04@example.com,norbeyparra@marquez-henao.biz
CON265,"Calle 84 # 44-97 Sur, María la Baja",María la Baja,3163175207,607 767 81 12,villamizarstiven@example.org,moralesalejandra@hurtado.com
CON266,"Calle 79P # 50U-10 Este, Concepción",Concepción,(+57)6035657376,3066225492,torresjulio@example.org,hurtadoana@caballero-mendez.com
CON267,"Carrera 29 # 49-3, Panqueba",Panqueba,+57 322 231 16 49,608 933 42 45,rafael25@example.com,alexander90@espitia.com
CON268,"Tr. 9ª # 9-94, Gámbita",Gámbita,+57 310 765 81 73,6025637579,isabel11@example.net,lauravalderrama@vargas.info
CON269,"Cr. 24I # 22J-73 Sur, Caicedo",Caicedo,(+57) 304 137 27 76,(+57) 325 760 63 49,gloria04@example.com,ortegaesteban@molina.com
CON270,"Av. calle 50 # 2-8 Sur, Charalá",Charalá,6094251762,+573047743326,andrearodriguez@example.net,ramirezedwin@mosquera.org
CON271,"Calle 16 # 5M-4 Este, Nariño",Nariño,8695235,018006529412,olga00@example.com,johana85@contreras-patino.com
CON272,"Av. carrera 121 # 8-9 Este, Valencia",Valencia,+573012736548,312 207 20 19,jmeza@example.com,luismunoz@garcia.org
CON273,"Transversal 24 # 64-31, Íquira",Íquira,(+57) 314 361 10 37,(+57)6016293870,ojedarubiela@example.org,ygarcia@ariza.com
CON274,"Avenida carrera 3ª # 85-87 Sur, Vianí",Vianí,573178129142,018003411080,nsolano@example.org,andres87@guevara.org
CON275,"Carrera 59 # 2U-30, San Joaquín",San Joaquín,57 304 149 92 90,3966270,qcastillo@example.com,corredorjulieth@diaz.com
CON276,"Dg. 22 # 26-2, Belén",Belén,(+57) 324 117 30 98,(+57)3103446512,ana93@example.net,pilar08@galindo.com
CON277,"Cl. 37 # 7-65, Saladoblanco",Saladoblanco,+57 326 947 90 25,3185362689,castronataly@example.org,rardila@arango.org
CON278,"Carrera 4Q # 1-2, Santa María",Santa María,57 316 083 20 04,01 8007 978 889,nromero@example.net,enrique52@henao.com
CON279,"Cr. 6W # 3-2 Sur, Santacruz",Santacruz,+576066128331,+57 329 799 03 59,flopez@example.org,mbermudez@herrera.info
CON280,"Cr. 152 # 5-34, Nilo",Nilo,+573059441023,+57 327 351 86 64,gacosta@example.org,tamayojair@mora.com
CON281,"Avenida Nariño # 40-25, El Roble",El Roble,576078583309,+573097984218,canoisabel@example.com,emiliaparra@jaimes-uribe.com
CON282,"Tr. 57W # 6-45 Sur, La Macarena",La Macarena,(+57)3102097002,3287681180,wsandoval@example.com,ximena01@arias-ramirez.com
CON283,"Carrera 8A # 6-41, Socha",Socha,57 306 252 60 22,57 606 569 08 87,hernandezsantiago@example.net,alejandrachacon@moreno.org
CON284,"Cr. 69Z Este # 25S-35 Sur, Alpujarra",Alpujarra,+573241117367,8386256,klopez@example.com,miguel23@gomez.net
CON285,"Diagonal 48 Bis # 68-32, San Andrés",San Andrés,3093289634,+576086646867,oscarsuarez@example.org,camilo43@avila.biz
CON286,"Cr. 44 # 9X-5, Puerto Libertador",Puerto Libertador,+57 316 229 13 16,57 320 805 68 56,wcruz@example.org,zmoreno@garcia.biz
CON287,"Cl. 88 # 45-6 Sur, Anzá",Anzá,328 811 61 62,2281237,rivaselcy@example.net,jhernandez@castillo-jimenez.biz
CON288,"Cl. 18N Bis # 10E-45 Este, Puerto Alegría",Puerto Alegría,018006948424,(+57)3198811457,wburgos@example.org,llopez@lara.info
CON289,"Av. carrera 156 # 2-5, Villa del Rosario",Villa del Rosario,+57 328 899 37 56,(+57)3298250714,fcaceres@example.org,dorisherrera@guzman.info
CON290,"Calle 35 # 20-7 Sur, Pivijay",Pivijay,+573018826170,(+57) 606 743 76 54,andresortiz@example.com,wperez@mejia.com
CON291,"Carrera 79 # 9-36 Este, Medellín",Medellín,6061525659,(+57) 329 142 33 02,yuranigamboa@example.org,yaneth73@lozano.com
CON292,"Carrera 89 # 1-42 Este, Berbeo",Berbeo,(+57) 310 785 48 33,9958723,catalinatoro@example.org,fmartinez@quintero-mantilla.com
CON293,"Cr. 5ª # 87-8, Páramo",Páramo,573212988972,018004268092,kevinpacheco@example.org,cmunoz@rodriguez.info
CON294,"Carrera 68 # 3-38 Sur, Yondó",Yondó,573195450892,+576044388065,julianherrera@example.net,dvelez@aguirre.com
CON295,"Cl. 117 # 91-1 Este, Marinilla",Marinilla,3232543107,573127990772,xdiaz@example.net,arueda@garcia.com
CON296,"Carrera 42 # 91-17, Tuta",Tuta,3037900654,018007084779,diego17@example.com,malvarez@silva.net
CON297,"Cr. 92K Bis # 47-5 Sur, Peque",Peque,(+57) 316 866 79 89,+57 307 061 70 69,garciabeatriz@example.com,garciaedilberto@vera.info
CON298,"Cl. 31 # 6I-6, Chimichagua",Chimichagua,+57 329 389 11 90,(+57) 323 342 80 13,lmorales@example.org,ggil@palacio.biz
CON299,"Calle 129 # 28K-8, Santana",Santana,+57 305 421 85 45,57 320 568 20 92,santiagomorales@example.org,ricoluz@castillo.biz
CON300,"Av. Amazonas # 4C-25, Macanal",Macanal,+57 309 830 74 82,9736511,eliascastro@example.com,ignacio78@perez.org
CON301,"Cl. 4Y # 9-6, Rioblanco",Rioblanco,3072766983,+57 305 150 25 28,vicente61@example.org,arenasnury@ibarra.net
CON302,"Avenida García # 60O-1, Moñitos",Moñitos,3193326724,(+57) 306 931 72 94,pmejia@example.net,montoyaanibal@villamizar.com
CON303,"Calle 190 # 5-7 Este, Milán",Milán,573216307028,(+57) 317 202 00 95,saraarenas@example.net,patriciamosquera@bustos-orozco.com
CON304,"Cl. 52 # 56-75 Sur, Marquetalia",Marquetalia,(+57)3220517107,(+57)3008715647,yanetcamargo@example.org,reyesviviana@contreras.info
CON305,"Carrera 172E # 14-8 Sur, Ragonvalia",Ragonvalia,573242076327,(+57)6073353867,alberto38@example.com,acalderon@velez.net
CON306,"Calle 163 Sur # 5-70, Caloto",Caloto,+57 608 366 76 52,01 8004 539 749,maria08@example.net,asuarez@zambrano-chacon.biz
CON307,"Tr. 7D # 5-3 Este, El Peñón",El Peñón,018005144869,01 8003 052 169,rojasesteban@example.org,mariadiaz@barragan-castrillon.net
CON308,"Av. carrera 1ª # 41-9 Sur, Santa Bárbara",Santa Bárbara,+573146220212,+573072055033,martinezmaria@example.net,svargas@forero.com
CON309,"Cr. 33 Sur # 8-8 Este, Sora",Sora,304 710 62 83,304 557 35 62,estivenhernandez@example.com,xfranco@martinez.com
CON310,"Calle 28 # 63-6 Este, San José de Uré",San José de Uré,(+57) 603 231 24 32,573077997995,lucia17@example.com,orlando90@palacios-alvarez.info
CON311,"Avenida Soplaviento # 5Y-5 Sur, Bugalagrande",Bugalagrande,57 316 740 68 73,57 314 453 45 14,jhoyos@example.net,gmosquera@soto.net
CON312,"Calle 55 # 1H-59 Sur, Samaná",Samaná,018009093225,+573033202351,sanchezkatherine@example.net,nubia01@loaiza.com
CON313,"Cl. 186 # 46-63, Santacruz",Santacruz,573181105014,57 326 427 89 61,zoraida85@example.com,hernandezangel@gamboa-valencia.com
CON314,"Calle 10 # 65-2, La Merced",La Merced,57 324 091 31 11,(+57)3286190254,dcarrillo@example.net,claudiarodriguez@beltran.com
CON315,"Calle 9T # 8-31 Sur, Vigía del Fuerte",Vigía del Fuerte,(+57) 304 723 22 90,301 028 79 50,luzforero@example.com,maria58@gomez.net
CON316,"Carrera 1ª # 91-90 Sur, Mapiripán",Mapiripán,323 908 35 21,389 68 44,ligia88@example.com,cmurillo@londono.info
CON317,"Diagonal 109B Bis # 90-6 Este, Saldaña",Saldaña,57 324 951 19 18,57 604 282 81 97,dfigueroa@example.com,jesusgarcia@cordoba.biz
CON318,"Cr. 89 # 69Q-29 Este, La Victoria",La Victoria,+57 305 498 36 71,+57 306 749 06 68,ecardona@example.net,cristian11@suarez-mejia.com
CON319,"Avenida carrera 13 # 97-4 Este, Hato Corozal",Hato Corozal,573006496935,328 243 47 76,andres41@example.org,corredoryesid@guerrero-cardona.com
CON320,"Calle 1ª # 8-9, Miranda",Miranda,57 305 869 01 70,57 324 039 25 19,jhon29@example.com,zapatacarolina@espitia.com
CON321,"Avenida carrera 183 # 3O-16 Este, Almaguer",Almaguer,57 313 440 77 79,3162072662,johannacortes@example.org,evanegas@salgado-bejarano.org
CON322,"Cl. 52I # 38-14, Briceño",Briceño,(+57) 303 509 47 65,518 61 56,avilacarlos@example.org,magnolia39@beltran.com
CON323,"Avenida carrera 29 # 1-53 Sur, Restrepo",Restrepo,+573100202683,01 8007 890 345,perezvalentina@example.com,dochoa@bernal.com
CON324,"Dg. 197V # 61-1 Sur, Pueblorrico",Pueblorrico,(+57) 606 291 79 26,+573232816291,arizajazmin@example.net,luciavega@medina.com
CON325,"Carrera 86 # 7-3 Sur, El Santuario",El Santuario,(+57)3024472099,57 304 768 70 14,mhernandez@example.net,fernandoarenas@villamil.com
CON326,"Av. calle 2ª # 86-5, Neiva",Neiva,+57 606 341 51 31,+57 325 478 15 06,montenegrowilliam@example.com,hectorduran@gomez.com
CON327,"Carrera 3ª # 28-65 Este, Yarumal",Yarumal,(+57) 319 154 52 26,57 325 289 53 92,ssuarez@example.com,gloriarodriguez@nunez.org
CON328,"Av. carrera 3ª # 7-5 Este, Tuta",Tuta,312 549 20 64,3111197388,contrerasjuana@example.org,omoreno@buitrago-angulo.net
CON329,"Avenida Pacho # 96-7, Puerto Santander",Puerto Santander,(+57)3076008844,(+57)3240837819,cordobaconcepcion@example.net,andreasuarez@parra.net
CON330,"Av. Orito # 29C-16 Sur, Dolores",Dolores,(+57) 306 287 92 32,+57 314 870 49 47,ytorres@example.org,linaarteaga@ortega.biz
CON331,"Tr. 4ª # 3S-32, Villeta",Villeta,57 316 201 90 11,(+57)3048433913,jorgemorales@example.net,hpedraza@sanchez.org
CON332,"Avenida Vigía del Fuerte # 56-9 Sur, Sopetrán",Sopetrán,603 577 54 61,+576038658387,ruthbohorquez@example.org,luciacarvajal@ocampo.net
CON333,"Cl. 9V # 72-52, Fresno",Fresno,57 313 967 27 57,+57 324 468 34 14,ffuentes@example.net,garciadaniela@perez.com
CON334,"Carrera 58 # 92-31, Puracé",Puracé,576012768104,(+57)3170184094,angelicaramirez@example.com,ivan14@sanchez.com
CON335,"Av. Rosa Victoria Rodríguez # 1-39 Sur, Falan",Falan,(+57)3225204565,+576032448183,andresarboleda@example.net,luisa51@murillo.net
CON336,"Calle 180 # 5Z-9 Este, Chinavita",Chinavita,(+57)3075503758,325 711 30 55,luis51@example.org,emmapinto@camargo.com
CON337,"Cl. 3N # 6-7 Sur, Nilo",Nilo,+576024132495,57 310 011 54 61,hherrera@example.net,riosluz@ardila.com
CON338,"Cl. 2ª # 5-39 Este, Belmira",Belmira,+57 303 479 55 27,573236556472,agustinduque@example.org,ricardo86@ramirez-vera.com
CON339,"Cl. 130H # 5-24, Cajamarca",Cajamarca,+57 311 664 97 00,018004458015,rinconkaren@example.net,kserrano@rodriguez.com
CON340,"Calle 170 Sur # 1-2 Sur, El Calvario",El Calvario,(+57) 312 997 95 45,+573081792171,palvarez@example.net,ocorrea@prieto.com
CON341,"Avenida Loaiza # 4-14, Ansermanuevo",Ansermanuevo,6016713966,318 303 44 14,jose50@example.org,flor99@roa.com
CON342,"Calle 22 # 45-99 Este, Yaguará",Yaguará,573276353673,57 315 896 07 07,marcelamontoya@example.com,paradaangela@fonseca-gallego.org
CON343,"Avenida carrera 106 # 5-92 Este, El Peñón",El Peñón,605 155 42 03,57 300 109 56 79,yarias@example.com,ariasjuan@arias-salazar.com
CON344,"Calle 2ª # 8-29 Sur, Puerto Wilches",Puerto Wilches,57 329 734 18 55,(+57)3108374560,restrepoliliana@example.com,rodriguezaurora@buitrago.com
CON345,"Transversal 117 # 70-8, Floridablanca",Floridablanca,(+57) 318 205 06 82,222 35 52,qduarte@example.com,castanoandres@cuesta-pacheco.biz
CON346,"Cr. 48 Bis # 67-6 Este, San Sebastián",San Sebastián,+576096309016,+57 314 717 78 40,burgosalberto@example.org,qangulo@parra.net
CON347,"Calle 153 Este # 38-3, Barrancominas",Barrancominas,309 431 29 08,(+57)3281414139,wangarita@example.org,dianabeltran@ruiz.com
CON348,"Cl. 42 # 7E-16 Este, Concepción",Concepción,2047091,+576029349561,fpalacio@example.org,carrilloyolanda@zambrano.com
CON349,"Cr. 9C Bis # 49-9, Tota",Tota,+57 318 687 93 74,360 89 89,nunezmayerly@example.org,mariohernandez@garcia-carrillo.com
CON350,"Diagonal 8O # 80-73 Sur, Santa María",Santa María,3287404207,3275149753,andrea57@example.org,luzfernandez@franco.org
CON351,"Av. calle 90 # 9-95, Albania",Albania,(+57)3095512405,+57 318 299 62 91,camilo50@example.com,pgarcia@cardenas-angarita.com
CON352,"Tr. 26 # 9-93, Pueblorrico",Pueblorrico,3287851856,576099509656,merydiaz@example.org,acostalucia@sanchez-rodriguez.net
CON353,"Carrera 147 # 7E-16, El Retorno",El Retorno,+573051585015,+573001731671,deisy58@example.com,ariasgloria@garcia-vargas.com
CON354,"Calle 159 # 28-7 Este, Icononzo",Icononzo,607 758 14 87,57 309 382 76 15,johnvega@example.com,luis32@camacho.info
CON355,"Cl. 9X # 2B-7, Santo Domingo",Santo Domingo,576053159722,+57 603 884 83 49,dpena@example.net,nohora01@pulido.com
CON356,"Calle 118X # 78-56 Este, Uribia",Uribia,(+57) 319 365 61 83,+573059748768,ariasyessica@example.org,ovidiovelez@meneses-lopez.com
CON357,"Cr. 8ª # 9-7, Trujillo",Trujillo,573122935545,573005596757,fcarvajal@example.org,julianvillamil@torres.info
CON358,"Carrera 5A # 13-74 Este, San José del Guaviare",San José del Guaviare,(+57)6035979797,(+57)3128413569,andres45@example.org,wramirez@espinosa-rincon.net
CON359,"Tr. 96 # 58-54, Caldas",Caldas,601 606 98 72,2614973,rojasfernando@example.org,tbenitez@ortega-lara.com
CON360,"Carrera 31A Sur # 2-90 Sur, Caucasia",Caucasia,576063742906,573023369318,florezsergio@example.org,bhenao@guerra.biz
CON361,"Calle 5ª # 7-5 Sur, Olaya",Olaya,57 319 476 12 18,57 309 127 06 50,ggalvis@example.org,gabrielfajardo@bernal.com
CON362,"Avenida calle 85 # 4-4 Este, San Juan Nepomuceno",San Juan Nepomuceno,(+57)6087541006,3067658617,ceciliagarcia@example.org,maria41@herrera.com
CON363,"Carrera 21 # 66-17 Sur, Aguachica",Aguachica,573227995530,573045301239,victor23@example.org,luisaprada@gomez.com
CON364,"Avenida calle 110 # 6G-3 Este, San José de Cúcuta",San José de Cúcuta,57 320 137 12 43,573258585642,edgarmunoz@example.org,mariaceron@salazar.org
CON365,"Carrera 147 # 71F-24 Sur, Chiscas",Chiscas,573075804529,573067698897,vibarra@example.com,sofia47@parada-moreno.com
CON366,"Avenida Ortega # 4-39, Vigía del Fuerte",Vigía del Fuerte,57 303 480 39 65,573023955905,luisdiaz@example.com,gloria01@moreno.com
CON367,"Cl. 39 # 5-9 Este, Aracataca",Aracataca,3145381180,01 8001 896 558,amparovilla@example.com,fanny62@hurtado.com
CON368,"Avenida carrera 5ª # 4-46 Este, Hacarí",Hacarí,604 772 99 40,+57 308 112 66 49,alopez@example.com,penaalexis@torres.org
CON369,"Av. Herrera # 8-5 Este, Chocontá",Chocontá,920 94 81,939 89 09,cesarmora@example.org,navarroandres@castro.com
CON370,"Calle 54H Este # 8-46 Este, Montebello",Montebello,(+57) 308 140 98 41,+576025167930,lopezmaria@example.com,fuentesluz@hoyos-caballero.com
CON371,"Carrera 36B Sur # 15-99 Sur, Sucre",Sucre,601 294 78 55,(+57)6032375358,ortegaclaudia@example.net,aguzman@hernandez-correa.com
CON372,"Avenida Giovanni Medina # 43-95 Este, Lloró",Lloró,3229853243,+57 317 924 15 71,jorgealvarado@example.net,vangarita@vasquez.com
CON373,"Cr. 8L # 50-5, Regidor",Regidor,6043079419,(+57) 305 381 09 79,diana22@example.com,ugomez@velasquez.com
CON374,"Avenida carrera 2ª # 61F-52, San Juan de Arama",San Juan de Arama,(+57) 301 230 16 04,(+57) 326 037 21 86,ojedaalejandra@example.org,sandracardona@trujillo.com
CON375,"Calle 138D Bis # 7-9 Este, La Primavera",La Primavera,+573071030737,+57 605 960 72 01,jaguilar@example.net,cortesisabel@castro.com
CON376,"Avenida carrera 14 # 7-66 Sur, Providencia",Providencia,+573112244418,324 023 38 68,xrodriguez@example.org,leonardo01@rodriguez-vargas.com
CON377,"Calle 134S Bis N # 1-6, Florián",Florián,573277349852,323 561 52 66,john91@example.com,ycabrera@arias.net
CON378,"Cl. 191N # 3-25 Sur, Pinchote",Pinchote,+576018164261,3335084,gustavo19@example.net,carlosgutierrez@mora-torres.com
CON379,"Cr. 3E Bis V # 9-70 Sur, Maicao",Maicao,+57 315 622 41 97,3287849477,durancarlos@example.net,juliethgomez@arevalo.net
CON380,"Avenida Arauca # 2-97, Paz de Río",Paz de Río,57 325 307 68 10,573048085578,rodriguezjesus@example.net,elena23@alfonso-perez.com
CON381,"Calle 134X # 31-3 Este, Santa Rosalía",Santa Rosalía,+57 321 606 48 42,3094057202,juan94@example.com,patricia58@yepes.com
CON382,"Tr. 99 Este # 2-9, Jericó",Jericó,(+57)3096620385,018008640788,sanchezangelica@example.net,andrea64@mendoza.com
CON383,"Cr. 4ª # 13N-54, Condoto",Condoto,573018052579,+573199004794,hernandezemilio@example.org,camilaparra@cortes.com
CON384,"Dg. 186N # 8-4 Sur, Güepsa",Güepsa,+57 602 411 20 29,+57 321 301 49 48,perezandres@example.net,cortesjorge@garcia.com
CON385,"Tr. 8ª # 29E-5 Este, Altamira",Altamira,300 491 34 10,(+57)3089752872,vegaandres@example.net,hernan64@villamizar.com
CON386,"Cl. 77 # 6-7 Este, Briceño",Briceño,(+57) 609 899 83 35,(+57) 318 877 79 25,hrodriguez@example.org,andres08@lara-guerra.com
CON387,"Diagonal 5T # 79-3 Este, Florián",Florián,018000568201,325 307 96 61,ecordoba@example.org,gustavo04@rosero.info
CON388,"Carrera 5F # 6Q-1 Este, Samaná",Samaná,6038728895,(+57) 301 168 06 91,kandrade@example.com,agiraldo@gomez.org
CON389,"Cr. 136I Sur # 9I-9, Oiba",Oiba,57 606 559 77 38,(+57) 316 232 36 06,marevalo@example.net,egutierrez@arias.org
CON390,"Cl. 17Q # 1-5 Este, Jambaló",Jambaló,(+57) 601 242 53 69,(+57) 609 537 53 02,tparra@example.org,davidbernal@rodriguez-prada.com
CON391,"Avenida calle 3ª # 91-27 Sur, Gutiérrez",Gutiérrez,328 066 43 15,(+57) 329 016 49 28,valenciaalejandra@example.com,gonzalezluz@rendon.info
CON392,"Cl. 134 # 21-70 Sur, Pereira",Pereira,+57 318 700 21 76,(+57)3191803397,luz14@example.net,diazgustavo@salamanca.com
CON393,"Av. La Plata # 9-3 Este, El Retén",El Retén,603 126 99 45,3241910616,fbarrios@example.org,laraalexis@bonilla.com
CON394,"Calle 153 Sur # 4-64 Sur, Pueblorrico",Pueblorrico,(+57)3202772871,+573165969579,sonia75@example.net,david55@naranjo.com
CON395,"Cl. 78B Bis U # 4-6 Sur, Briceño",Briceño,573205033746,+57 323 306 77 30,yortega@example.org,rosadiaz@murcia-acosta.org
CON396,"Carrera 93 # 59-94 Sur, San Bernardo del Viento",San Bernardo del Viento,3231224179,+573249735020,diazsandra@example.com,alejandrobonilla@lopez.info
CON397,"Calle 53P Este # 2A-4 Sur, Sopó",Sopó,+573230371837,+57 314 520 88 14,mhenao@example.com,alvaradomarina@moreno.com
CON398,"Cr. 34 # 6-73 Este, Almeida",Almeida,(+57) 325 045 05 66,307 540 24 28,sgarcia@example.net,raulmeneses@suarez.com
CON399,"Tr. 68W # 4-3 Este, Cajamarca",Cajamarca,311 456 34 09,(+57)6092858055,ruizfredy@example.com,oscar96@morales.biz
CON400,"Av. carrera 133 # 17-9 Sur, Chivolo",Chivolo,573194269420,(+57)3098313549,gonzalezclara@example.net,ycardona@diaz.info
CON401,"Avenida calle 196 # 58A-83 Este, Ábrego",Ábrego,600 59 32,57 322 287 03 22,gomezjorge@example.com,luis97@hernandez.com
CON402,"Tr. 2 Sur # 61-7 Sur, Clemencia",Clemencia,6077477358,573096194311,lucia26@example.com,sandra04@mosquera-ortiz.com
CON403,"Carrera 15I Bis # 72-18 Sur, San José del Palmar",San José del Palmar,3010262706,(+57) 314 890 08 24,clara13@example.org,germancifuentes@ramos-soto.net
CON404,"Cr. 16 # 14-82 Sur, Lejanías",Lejanías,322 966 94 17,(+57) 317 080 89 74,wmunoz@example.net,mariana18@arenas.com
CON405,"Calle 83 # 8-86 Sur, Santiago",Santiago,(+57)3072603214,57 310 576 61 94,armando87@example.org,vmartinez@alvarez.com
CON406,"Calle 4R # 7-58 Este, Tasco",Tasco,(+57)3203506757,+57 329 683 35 57,menesesvanesa@example.net,castanedapedro@maldonado.com
CON407,"Calle 35 # 35-4 Este, Marulanda",Marulanda,576039552578,573110672752,manriqueluis@example.net,jorge47@tamayo-gallego.org
CON408,"Diagonal 23W # 3-75 Sur, Casabianca",Casabianca,3169681579,6069392355,leoncesar@example.org,isabeldiaz@suarez.com
CON409,"Calle 61N # 27-30 Este, Yavaraté",Yavaraté,+57 302 446 26 32,57 311 448 81 12,marquezmaria@example.org,patinowilliam@paz-gonzalez.info
CON410,"Calle 3X # 5-87 Sur, Garzón",Garzón,+57 318 971 52 73,(+57) 607 730 08 57,xmanrique@example.com,lalvarez@parra.com
CON411,"Av. carrera 170 # 4S-53 Este, Sabana de Torres",Sabana de Torres,(+57) 310 501 66 79,01 8004 076 789,dmoreno@example.net,salazarvalentina@ortiz.biz
CON412,"Tr. 49 # 9-13, Vetas",Vetas,(+57) 604 748 44 79,316 115 68 62,diegomoreno@example.org,agomez@avila-delgado.com
CON413,"Avenida carrera 3ª # 2T-3 Sur, Yacopí",Yacopí,57 603 886 21 04,312 308 37 08,giraldonatalia@example.org,martinezmyriam@oviedo.com
CON414,"Carrera 4ª # 7-2 Sur, La Cruz",La Cruz,+57 327 283 99 92,(+57)6049921249,liliana08@example.net,manuel70@bedoya-valderrama.com
CON415,"Cl. 49U Bis # 16-78, Quinchía",Quinchía,+573185301012,+573289695193,uribejorge@example.net,milena77@silva-uribe.com
CON416,"Diagonal 115O # 11-36 Sur, Tibú",Tibú,+57 607 798 67 07,+576096464197,iamaya@example.com,sernaarbey@ochoa.com
CON417,"Cl. 11 # 10C-49, Remedios",Remedios,(+57) 317 149 49 81,3121794281,scalderon@example.com,medinaruth@velez.com
CON418,"Cr. 101 # 2-3, Gama",Gama,+573222145593,326 618 94 37,moralessara@example.com,martinezhector@giraldo-guerra.info
CON419,"Transversal 4ª # 78-71 Sur, Garzón",Garzón,(+57) 319 028 24 98,+573092250142,irma27@example.org,alejandraperez@garcia-moreno.com
CON420,"Carrera 2ª # 28-2, Yacuanquer",Yacuanquer,601 676 53 97,573187396102,rubiohilda@example.net,gladisbenavides@meneses-lozano.com
CON421,"Cr. 117 # 70L-23 Este, Villahermosa",Villahermosa,573002599919,+573087337034,edwinmelo@example.com,edgar48@rodriguez.info
CON422,"Tr. 58 # 4-5, San Alberto",San Alberto,(+57)3240182727,+573159690515,perezdamaris@example.com,diazedith@correa.com
CON423,"Cr. 28 # 87D-3, Sucre",Sucre,+573085934015,(+57)3064154715,alejandra32@example.com,victoracosta@lopez.com
CON424,"Transversal 95 # 53-3 Sur, La Victoria",La Victoria,325 409 00 34,01 8006 451 837,zrodriguez@example.com,andrea34@estrada.info
CON425,"Cl. 8ª # 6-62, Anapoima",Anapoima,(+57)3025017365,+57 302 624 17 84,carlosmendez@example.net,marinatorres@ordonez-garcia.com
CON426,"Cl. 84 # 6-53 Este, Mutiscua",Mutiscua,3101289743,3051225720,bosorio@example.org,alonso20@romero.com
CON427,"Carrera 6ª # 3-85 Este, Hacarí",Hacarí,573110254717,018009948856,gagudelo@example.net,joangomez@vega.com
CON428,"Cr. 32 # 44-4, Simacota",Simacota,(+57) 603 265 09 96,01 8003 667 719,aceron@example.com,rodriguezdany@medina.com
CON429,"Cr. 5L # 1-8 Este, Zapatoca",Zapatoca,(+57) 603 572 84 98,57 324 140 70 34,martinezviviana@example.com,alexander00@hernandez-cuellar.net
CON430,"Cl. 3V Sur # 78-9 Sur, Puracé",Puracé,(+57) 319 432 02 93,4878844,camilo81@example.org,mariamoreno@bedoya.com
CON431,"Carrera 6ª # 4-93 Sur, Victoria",Victoria,573213315520,(+57) 315 063 73 14,maria36@example.com,griascos@lozano.com
CON432,"Dg. 1ª # 6-59, La Apartada",La Apartada,+573276618308,57 318 001 87 31,adriana15@example.org,vargaskarol@pena.com
CON433,"Avenida calle 89 # 7-13 Sur, San Pelayo",San Pelayo,(+57)3185575994,6071842906,clara28@example.net,erodriguez@martinez.com
CON434,"Tr. 188E # 35N-7 Este, Giraldo",Giraldo,01 8003 415 599,607 501 57 67,ubermudez@example.org,sanchezmaria@arias.info
CON435,"Calle 8ª # 9-13, Ortega",Ortega,6021914363,+57 604 157 43 26,martincarvajal@example.com,marcela50@mercado.com
CON436,"Cl. 188 # 15V-2 Este, Planeta Rica",Planeta Rica,(+57) 312 762 92 26,573267880937,zgarcia@example.com,lilianaalarcon@gil.com
CON437,"Transversal 10 # 81-9 Sur, Arbeláez",Arbeláez,3021158718,(+57) 305 235 42 68,rmunoz@example.net,fmartinez@franco.com
CON438,"Cr. 134S # 24-32 Este, Urumita",Urumita,57 604 546 50 22,57 327 804 57 97,katherinealvarado@example.com,cruzadriana@leon.net
CON439,"Avenida Bonilla # 3-9 Sur, Subachoque",Subachoque,+573111544796,3075705964,garciafernando@example.com,felixsanchez@buitrago.com
CON440,"Av. carrera 39 # 1-62, Teorama",Teorama,573060001101,+573161619738,fabian98@example.org,michaelordonez@gomez.net
CON441,"Cl. 125 # 50-7, San Cristóbal",San Cristóbal,320 014 41 30,+57 318 624 08 71,rodriguezfernando@example.com,drios@ortiz.info
CON442,"Carrera 32 # 14-9 Sur, Sativanorte",Sativanorte,325 283 59 99,573100410847,torresadolfo@example.org,rubioerika@luna.com
CON443,"Diagonal 82 # 20-1 Sur, Pueblorrico",Pueblorrico,(+57)3028986143,573110369711,bhurtado@example.net,oscarjimenez@garzon.org
CON444,"Calle 130 Bis Q # 9-1, Venadillo",Venadillo,6052419453,(+57)3128144786,ogutierrez@example.org,diazjorge@cortes.com
CON445,"Cl. 163 # 9-92 Sur, El Zulia",El Zulia,(+57) 310 550 49 22,57 609 770 48 61,zgomez@example.org,pedrocastellanos@castellanos-escobar.com
CON446,"Diagonal 93 # 8-78, La Playa",La Playa,(+57) 320 207 61 23,(+57) 311 219 05 18,sanchezcarlos@example.net,ysanabria@palacios.com
CON447,"Cr. 29 # 4-30 Sur, Coveñas",Coveñas,018004137681,57 311 185 67 24,joserestrepo@example.org,vflorez@ordonez-medina.com
CON448,"Avenida Peña # 97-6, Santana",Santana,+573220811556,3060602908,mireya84@example.net,ferney04@leon.com
CON449,"Cl. 45 # 6I-2 Sur, Gachalá",Gachalá,302 111 97 87,57 602 480 93 39,zrojas@example.net,duban06@vanegas.org
CON450,"Calle 15 # 82-34 Sur, La Calera",La Calera,57 309 920 11 66,583 62 64,uorozco@example.com,gonzalezcarlos@aguilar-ortiz.com
CON451,"Cr. 88 # 42R-2, La Capilla",La Capilla,(+57) 603 170 79 03,573004179291,gonzalezjuan@example.net,patriciaramirez@arrieta-riascos.biz
CON452,"Tr. 36 # 1E-29, Pueblo Bello",Pueblo Bello,+573086047947,499 03 80,paola48@example.net,miguel82@jaramillo.com
CON453,"Cl. 72 # 27-23, Onzaga",Onzaga,57 604 596 56 52,138 99 94,adriana98@example.org,djimenez@zapata.com
CON454,"Calle 122L # 3-9, Lloró",Lloró,+573293230234,3279121416,castroflor@example.net,magalysandoval@rodriguez.com
CON455,"Calle 39 # 2-35 Sur, Pamplonita",Pamplonita,308 078 19 13,310 534 94 19,sgonzalez@example.com,edith16@bautista-perez.net
CON456,"Av. carrera 2ª # 98-17 Este, Santiago",Santiago,+57 609 970 45 23,01 8005 622 586,umartinez@example.net,cmercado@marin.info
CON457,"Avenida carrera 176 # 51-5 Sur, Granada",Granada,+57 325 645 10 17,57 309 739 64 17,qcalderon@example.com,agudelojuan@posada.com
CON458,"Avenida calle 163 # 7-1, Rivera",Rivera,6037258955,57 308 639 60 96,gilbertogiraldo@example.net,yamileruiz@mendoza.com
CON459,"Carrera 81 # 8N-4 Sur, El Cantón del San Pablo",El Cantón del San Pablo,307 440 39 46,+57 300 830 37 36,osoriorichard@example.com,urodriguez@mesa.info
CON460,"Cl. 2 Sur # 6N-1, Balboa",Balboa,4002453,(+57)6041321551,ruth08@example.org,lcortes@lopez.net
CON461,"Calle 41P # 3-4, Piedecuesta",Piedecuesta,229 83 38,573274233629,angieescobar@example.net,luisaocampo@angarita.biz
CON462,"Calle 93 # 39-97, Nemocón",Nemocón,57 309 121 87 06,3093288098,claudiagonzalez@example.org,diazgloria@rodriguez.net
CON463,"Carrera 9P # 32-88 Sur, Santana",Santana,+57 601 825 79 05,+57 608 736 88 76,freyes@example.net,roseroines@castro.com
CON464,"Carrera 63 # 72-7, La Palma",La Palma,206 27 37,57 318 698 86 49,cacevedo@example.net,aariza@sanchez.info
CON465,"Av. calle 1ª # 1-6 Este, Policarpa",Policarpa,+57 316 199 53 05,+57 314 184 93 78,yohana90@example.net,bcaro@gonzalez.com
CON466,"Cl. 42Z # 5-2 Sur, Simacota",Simacota,018000061027,(+57)3269749956,andrea20@example.org,ayalajhon@andrade.info
CON467,"Dg. 3V Bis # 98-7 Este, Roncesvalles",Roncesvalles,604 184 39 76,5073794,eugenia44@example.com,gaitanmaria@murillo-salcedo.biz
CON468,"Transversal 72 # 3-4 Sur, Soledad",Soledad,(+57) 609 245 01 84,323 741 89 72,rangelalfonso@example.net,german06@gonzalez-correa.org
CON469,"Calle 3K Bis C # 9T-9, Barrancabermeja",Barrancabermeja,+57 601 677 88 51,57 304 864 01 04,jhonayala@example.org,ruth61@morales.biz
CON470,"Avenida carrera 124 # 67-3, Armenia",Armenia,+57 603 738 97 43,576012055955,gfuentes@example.org,milenaduarte@sarmiento.net
CON471,"Diagonal 99 # 43-74, San Sebastián de Buenavista",San Sebastián de Buenavista,604 829 10 93,604 918 95 47,mariaramirez@example.net,stiven85@cardona-becerra.biz
CON472,"Diagonal 50 # 32-5, Chámeza",Chámeza,3254747695,576096904189,smedina@example.com,mariagaleano@pineda-mosquera.com
CON473,"Calle 9ª # 38-52 Este, Zipaquirá",Zipaquirá,+573231261685,2710580,cordobarolando@example.net,santiagorivas@bejarano.com
CON474,"Avenida calle 7ª # 16-24 Sur, Chipaque",Chipaque,(+57)3029573783,57 603 859 75 72,sandramedina@example.net,alejandrohernandez@quintero.com
CON475,"Carrera 172 # 15-79, Viotá",Viotá,57 316 730 30 64,+57 302 121 46 14,hbohorquez@example.org,rosa01@herrera-gallego.com
CON476,"Av. calle 8ª # 17-3 Este, Tuluá",Tuluá,3266053428,164 41 61,trujillojhon@example.com,marybohorquez@villegas.com
CON477,"Calle 45 # 61-39 Sur, Guayatá",Guayatá,+57 319 040 98 36,573255289931,drodriguez@example.com,victorjimenez@sierra.com
CON478,"Cr. 23E # 51-7 Este, El Encanto",El Encanto,(+57)6078995394,+57 316 262 35 96,moralesjeisson@example.org,igarcia@rodriguez-arias.net
CON479,"Carrera 1 Sur # 5-4 Sur, Remedios",Remedios,315 158 48 26,+57 319 136 24 83,eliana05@example.com,julianrivera@cortes.info
CON480,"Calle 93 # 6-62, Talaigua Nuevo",Talaigua Nuevo,(+57)3044486722,018008390473,patriciavelandia@example.com,sariza@arias.com
CON481,"Calle 141 # 2N-4 Este, Concepción",Concepción,+57 304 988 30 59,323 642 48 09,rchavez@example.com,maria30@navarro-castro.info
CON482,"Carrera 1ª # 58-98, Firavitoba",Firavitoba,(+57)6032864482,+573258839785,imontenegro@example.org,guerrabeatriz@guerrero.info
CON483,"Carrera 6E # 9-50, Colombia",Colombia,326 992 96 44,573177250842,mauriciogaleano@example.org,karenrodriguez@castro.com
CON484,"Cr. 92 # 1-96 Sur, Armero",Armero,+573078306396,+573084526969,alba91@example.net,mmunoz@rodriguez-gonzalez.org
CON485,"Calle 94 # 62-6 Sur, San Juan de Rioseco",San Juan de Rioseco,+57 325 641 35 47,573116855739,lucia28@example.com,doris09@reyes-carvajal.info
CON486,"Cl. 75 # 66-3 Sur, San Andrés de Cuerquía",San Andrés de Cuerquía,576078622155,+57 601 656 22 21,fernandaacevedo@example.net,estella04@alvarez-galeano.com
CON487,"Calle 6 Este # 8Q-3 Este, Circasia",Circasia,+57 322 595 26 94,(+57)3188879470,vanessa16@example.net,orlando09@ortiz-hoyos.org
CON488,"Cl. 6 Bis # 5-30 Este, Sucre",Sucre,57 301 697 92 06,+573254939343,rfernandez@example.com,jairosandoval@mercado.com
CON489,"Carrera 92 # 3-36 Sur, Villavieja",Villavieja,57 306 488 20 89,304 868 83 90,qhernandez@example.com,wsanchez@marin.org
CON490,"Cl. 42 # 70-24 Este, Yacuanquer",Yacuanquer,(+57) 324 992 61 89,57 604 541 17 39,edithpena@example.org,vasquezsteven@saavedra.com
CON491,"Carrera 176N Este # 17-5, Tena",Tena,313 141 96 15,573207832748,nellyrivera@example.org,zmurillo@camacho.com
CON492,"Transversal 54 # 72-6 Este, Concepción",Concepción,+57 605 534 26 83,749 78 26,hernandezvanesa@example.com,vilma67@salamanca-restrepo.net
CON493,"Cl. 8M Sur # 8Q-1, Tarso",Tarso,+576086415914,+576039198038,rhernandez@example.net,karenalvarez@cifuentes.com
CON494,"Carrera 13 # 22-22, Majagual",Majagual,018006908716,57 322 210 45 46,molanomartha@example.org,ortegamaria@suarez-parra.com
CON495,"Carrera 34 # 24G-60, Jamundí",Jamundí,+573134660756,+57 304 946 67 20,martinezisabel@example.net,arrietacamilo@chavez.com
CON496,"Av. carrera 36 # 85D-3, Santa Bárbara",Santa Bárbara,57 604 185 96 26,57 607 236 74 92,pleal@example.com,fernando75@gonzalez.com
CON497,"Dg. 2ª # 7-8, Guasca",Guasca,+57 609 990 45 75,+573259212996,claudia03@example.org,lsandoval@loaiza.info
CON498,"Tr. 97 # 26-3 Sur, Palmar de Varela",Palmar de Varela,(+57)6033778528,573280182422,ignacio35@example.net,edgar43@arteaga.org
CON499,"Cl. 89 # 75-90 Este, Envigado",Envigado,+573027532735,+57 608 441 03 97,yceron@example.org,hsierra@velasco.com
CON500,"Calle 9C # 1-7 Este, Campoalegre",Campoalegre,018008718981,(+57)3012920875,gomezcarlos@example.net,andreamunoz@garcia.net
CON501,"Tr. 138 # 8-29 Sur, Garzón",Garzón,(+57) 609 402 23 28,327 441 97 54,zflorez@example.org,bguerrero@gomez.com
CON502,"Cl. 7E # 1-6, La Cruz",La Cruz,787 68 31,+576028827172,alejandramesa@example.net,robinsonhoyos@arteaga.com
CON503,"Cr. 2ª # 30-8 Este, Tutazá",Tutazá,312 334 38 36,+57 300 412 09 11,hchaparro@example.org,amparolara@garcia.com
CON504,"Tr. 137C # 70-3 Sur, Chíquiza",Chíquiza,576048423597,57 601 812 22 99,smorales@example.com,toroyesid@acevedo-lopez.info
CON505,"Calle 1M # 9-26 Este, Beltrán",Beltrán,(+57)6095845184,+573269735779,ramosrocio@example.com,javiertorres@pena-romero.net
CON506,"Carrera 4C # 65-7, Montelíbano",Montelíbano,740 42 88,576077505376,delgadodiana@example.net,jennifersanabria@barbosa.net
CON507,"Carrera 29 # 7-7 Sur, Tubará",Tubará,313 559 04 25,+573292703352,gonzalezluz@example.net,gabrielfonseca@herrera.com
CON508,"Cr. 18 # 50-7 Este, Barrancominas",Barrancominas,576023568761,+57 309 125 65 23,grojas@example.com,cruzcamilo@uribe.com
CON509,"Av. calle 160 # 2-88, Onzaga",Onzaga,+573179211625,6057698935,yenny98@example.net,srodriguez@rendon.com
CON510,"Cl. 164 Sur # 27-67 Este, El Peñón",El Peñón,606 703 00 21,302 135 80 04,gonzalezmichael@example.org,sofia96@benavides-velandia.org
CON511,"Avenida calle 124 # 4-25, Valle de San Juan",Valle de San Juan,+576028036221,57 302 772 64 88,davidcortes@example.net,luis22@camacho.com
CON512,"Calle 1ª # 69A-71, Belmira",Belmira,01 8002 980 365,327 449 16 09,socorroleon@example.com,hugogarcia@garcia.org
CON513,"Avenida calle 152 # 4-6 Sur, Momil",Momil,+57 320 442 06 78,01 8003 171 210,serranojosue@example.org,augustoarias@cuesta.com
CON514,"Calle 188L # 64-32 Este, San Pablo de Borbur",San Pablo de Borbur,(+57) 301 056 48 14,(+57)6036778507,rociolopez@example.net,torresjose@andrade.com
CON515,"Av. carrera 11 # 50-4, Ataco",Ataco,+576072684866,018008924141,rogersanchez@example.com,worozco@duarte.com
CON516,"Avenida Amazonas # 5M-73 Sur, San Andrés de Sotavento",San Andrés de Sotavento,3054812147,(+57) 325 390 78 95,bcardona@example.com,ricardo54@rodriguez-marin.com
CON517,"Carrera 103 # 9R-7, Soledad",Soledad,3253621894,+573159067000,mario48@example.net,gloria46@carrillo-castro.net
CON518,"Diagonal 1ª # 7L-25, San Juan de Betulia",San Juan de Betulia,576052022557,57 315 216 67 46,pvera@example.org,hernandezdaniel@lopez.info
CON519,"Av. carrera 53 # 7L-90 Este, Briceño",Briceño,573069177682,(+57)3084401348,alzatenorberto@example.org,stella78@santos.com
CON520,"Cl. 6V # 75H-16 Sur, Castilla la Nueva",Castilla la Nueva,(+57)3110762091,(+57) 324 357 97 86,mariahenao@example.com,acevedoomar@valencia.biz
CON521,"Cl. 82 # 4-75 Sur, Cartago",Cartago,3035700412,602 782 85 18,mendezfabian@example.com,carlos46@loaiza.info
CON522,"Cr. 14 # 1-55 Sur, Ciénaga",Ciénaga,573071739627,608 528 63 91,gomezpatricia@example.net,jaime07@arango.com
CON523,"Av. Sucre # 62-5 Sur, Hato Corozal",Hato Corozal,573206339912,57 321 024 81 71,salvarez@example.org,castrojuliana@garcia.info
CON524,"Carrera 169M # 7-40, El Tambo",El Tambo,310 313 92 80,573185022061,lopezdaniela@example.org,katherinetorres@reyes.com
CON525,"Carrera 84Q Bis P # 7-9 Sur, Puerto Tejada",Puerto Tejada,57 303 950 04 79,324 801 62 45,zmorales@example.org,juliethgutierrez@mora-cabrera.com
CON526,"Cr. 3ª # 1-35 Sur, Astrea",Astrea,(+57) 601 875 16 48,+57 607 979 10 33,albertorojas@example.org,jhonnyescobar@arias.com
CON527,"Avenida calle 9ª # 54-37 Este, Sotará Paispamba",Sotará Paispamba,3056787188,(+57) 322 237 88 70,alexander41@example.com,florezana@ramirez.com
CON528,"Avenida calle 80 # 26-4 Sur, Miraflores",Miraflores,576044745171,319 629 23 30,andres98@example.org,nilson44@ortiz.com
CON529,"Carrera 3ª # 6-77, Andalucía",Andalucía,(+57)6089121380,573087806615,erika85@example.net,wrivera@valencia-roa.com
CON530,"Cl. 69P Sur # 10Y-6 Este, Providencia",Providencia,(+57) 609 681 27 35,+573230652407,ivelasquez@example.net,ldiaz@romero.org
CON531,"Calle 12S # 55-71, Guavatá",Guavatá,(+57)3245553470,+573174238856,julio27@example.org,dayana83@salcedo-lopez.com
CON532,"Calle 62A # 3X-6 Sur, San José del Palmar",San José del Palmar,(+57)3018328123,(+57)6021239204,fdaza@example.net,marlenyrincon@becerra.com
CON533,"Av. carrera 61 # 84U-4, Juradó",Juradó,018004842199,57 303 083 30 16,oscar12@example.org,silviabetancur@acosta-ramirez.com
CON534,"Calle 25 # 26-85 Este, Acandí",Acandí,327 392 60 30,+57 603 199 22 80,rociodiaz@example.com,monsalvemiguel@erazo-rojas.org
CON535,"Carrera 44 # 5-11 Este, El Carmen",El Carmen,57 308 453 19 80,324 682 35 46,alvaro10@example.org,felipeportilla@perea-parra.com
CON536,"Av. carrera 11 # 59-9 Sur, Cocorná",Cocorná,+57 604 726 23 00,3722350,mariarenteria@example.net,manuel43@valencia-ramirez.com
CON537,"Calle 87 # 4-67 Este, La Cruz",La Cruz,(+57)3052478417,57 605 559 49 73,mariamoreno@example.net,torrescarmen@salazar.com
CON538,"Calle 164 # 8-6 Este, Armero",Armero,018002313348,573158714939,paularamirez@example.com,hernandoleon@valencia.info
CON539,"Dg. 190 Bis L # 8-2 Sur, Contratación",Contratación,(+57) 601 344 61 44,(+57)3035174656,isabel60@example.org,wvargas@rivera.org
CON540,"Cr. 184 # 84-15 Sur, Acacías",Acacías,573158971480,(+57) 604 763 25 70,adriana13@example.com,pazhenry@vasquez.net
CON541,"Cl. 71 # 31-8 Este, Suratá",Suratá,57 328 221 02 17,018002134862,felipe79@example.com,rafaelgaviria@pulido.com
CON542,"Cl. 3ª # 73-9 Este, Rosas",Rosas,320 283 85 78,+57 315 278 58 54,pramirez@example.com,lorena44@rojas.com
CON543,"Cl. 55W # 7-9 Este, Angostura",Angostura,573121044789,(+57) 325 625 75 32,orodriguez@example.net,laurarodriguez@perez.com
CON544,"Tr. 59 # 3-7 Este, San Cayetano",San Cayetano,3253694551,+573188863677,augusto72@example.org,igutierrez@castellanos-hoyos.com
CON545,"Carrera 2ª # 8-38 Sur, Restrepo",Restrepo,57 602 278 33 32,573202564347,sotoharold@example.net,slopez@bohorquez-montenegro.org
CON546,"Carrera 155 Sur # 3-87 Este, Plato",Plato,57 323 826 46 09,678 51 38,margarita57@example.net,ngomez@perez.com
CON547,"Calle 141G # 23-1 Sur, Usiacurí",Usiacurí,606 653 72 21,3268473236,liliana37@example.com,francy40@restrepo-martinez.com
CON548,"Cl. 28B # 7Y-97, San Carlos de Guaroa",San Carlos de Guaroa,01 8009 812 657,(+57) 302 231 96 46,mariasuarez@example.org,omairaramirez@osorio.com
CON549,"Calle 49 # 41-1 Sur, Tenerife",Tenerife,573188189848,573116046154,hernandezdiana@example.net,gonzalezvirginia@montes-parra.com
CON550,"Tr. 36 # 5-15, La Playa",La Playa,(+57) 313 558 24 30,976 46 44,fuentesmiguel@example.com,luissierra@serrano.com
CON551,"Cr. 181S # 46-6 Sur, Anzá",Anzá,57 311 269 44 86,57 319 463 68 87,elianacortes@example.com,carlos62@gonzalez.com
CON552,"Cl. 99 Bis X # 59-91 Sur, Chita",Chita,576043995504,3264322394,glopez@example.org,duransteven@garzon-londono.com
CON553,"Carrera 9ª # 8W-41 Sur, Enciso",Enciso,01 8001 053 912,018007884869,hojeda@example.net,hugocabrera@martinez.org
CON554,"Cl. 6ª # 1-7 Sur, La Paz",La Paz,(+57) 324 902 77 03,(+57) 324 309 88 39,javiermosquera@example.net,obandoandrea@patino-romero.biz
CON555,"Cr. 160 # 42K-13, Montelíbano",Montelíbano,57 326 420 86 56,325 661 84 43,ulopez@example.net,gaitancamilo@hoyos-escobar.info
CON556,"Calle 14 # 21T-3, Popayán",Popayán,(+57)3128837505,+57 316 186 32 39,vperdomo@example.net,obandomauricio@saavedra.info
CON557,"Av. calle 106 # 12-14 Sur, Valparaíso",Valparaíso,603 954 78 87,(+57)3243152742,galvisdario@example.net,gloriazuluaga@nino-molina.com
CON558,"Calle 7M # 1-4 Este, Vélez",Vélez,+57 326 291 27 99,576091881172,xguzman@example.org,ztorres@angulo-florez.org
CON559,"Calle 135J # 48-6, San Pelayo",San Pelayo,3280648606,+573239834488,luisbolanos@example.com,jennybejarano@tamayo.net
CON560,"Calle 116E # 2-96, Ragonvalia",Ragonvalia,1916601,576011231429,riosleonardo@example.net,ramirezyeimy@galindo.info
CON561,"Calle 20 # 2I-98 Este, La Vega",La Vega,4442877,(+57) 323 638 16 43,javierhernandez@example.com,daniel89@camacho.com
CON562,"Diagonal 98P Sur # 30-1 Este, Tarso",Tarso,57 602 299 18 43,+573026611584,luis52@example.com,rosagonzalez@hoyos.com
CON563,"Cl. 15 # 1-1 Este, Los Palmitos",Los Palmitos,6024015291,321 785 09 02,eugenia18@example.net,alfonso42@vasquez.org
CON564,"Transversal 5ª # 19-86 Este, Itagüí",Itagüí,018004473647,(+57)6046027677,eugeniapinzon@example.net,hermes25@londono.com
CON565,"Diagonal 14 # 9-48, Hato Corozal",Hato Corozal,(+57)6034414701,+573103687156,sarmientojuan@example.com,igarzon@arboleda.com
CON566,"Cl. 123 # 1S-31 Este, Chíquiza",Chíquiza,3095014374,+57 323 093 09 67,rojasjuan@example.org,sanchezluz@ariza.com
CON567,"Cl. 23 Bis # 3-8 Este, San Pablo de Borbur",San Pablo de Borbur,+57 318 144 73 94,57 323 121 72 71,enrique18@example.net,adolfo22@palacios-gonzalez.com
CON568,"Carrera 67 # 4-6, San Pedro de Urabá",San Pedro de Urabá,6065361332,(+57)6065107609,sandramoreno@example.com,pintojose@barbosa.org
CON569,"Cl. 14 # 52-6 Sur, Ospina",Ospina,6061754091,018006321812,fernandomejia@example.com,jhonny93@fonseca.com
CON570,"Avenida Víctor Buitrago # 48-6, Versalles",Versalles,6075969067,9922884,ucabrera@example.com,ordonezleidy@montoya-santos.com
CON571,"Av. Quindío # 9-58 Este, Recetor",Recetor,(+57)3120089434,573281054851,tovaralex@example.com,carlos07@riascos-cifuentes.org
CON572,"Cl. 132 # 46-92 Este, Rioblanco",Rioblanco,3199197014,3062037087,sandrapena@example.org,barreraalexander@lopez-granados.net
CON573,"Cr. 152 Este # 15-82 Este, Arenal",Arenal,(+57) 328 216 51 19,573014574452,arenasmaria@example.net,clemenciaflorez@rangel.net
CON574,"Avenida calle 196 # 5-3 Sur, San José del Fragua",San José del Fragua,+573203332959,3152315828,rtorres@example.org,albertomedina@garzon.info
CON575,"Cr. 4E # 8-4 Sur, Chitagá",Chitagá,018009790608,(+57)3148186746,mariarodriguez@example.net,manuel36@naranjo.com
CON576,"Tr. 6ª # 3-2 Sur, Florida",Florida,303 613 17 98,(+57)3149004903,msandoval@example.com,astrid58@herrera.com
CON577,"Diagonal 76 # 90-71 Este, Heliconia",Heliconia,3187699842,+57 317 320 44 13,gladys60@example.net,julieth49@gonzalez.com
CON578,"Transversal 9ª # 85-2 Este, Zipaquirá",Zipaquirá,601 782 61 99,+57 606 834 45 65,cristina32@example.net,sanchezclaudia@alvarez-gonzalez.com
CON579,"Cl. 9 Sur # 6-9 Sur, Hato Corozal",Hato Corozal,3040574450,01 8006 324 535,rogergalvis@example.org,galeanoandrea@vallejo.com
CON580,"Cl. 5O Este # 9-8 Sur, Corrales",Corrales,+57 301 815 63 26,+57 326 850 74 51,bernalmiguel@example.com,elizabethcastillo@castro.com
CON581,"Carrera 81 Bis # 2-6 Este, Vergara",Vergara,3222949381,+573235984884,hernandezangel@example.net,rene57@loaiza.info
CON582,"Calle 68 # 4-73 Este, Anserma",Anserma,(+57)3128502312,(+57) 315 327 35 51,antonio24@example.net,diazeder@ortiz.com
CON583,"Cr. 3T # 47-67 Este, La Unión",La Unión,466 81 13,323 670 72 17,camilobastidas@example.net,vivianabernal@perez.org
CON584,"Carrera 30 # 8U-81 Sur, Quibdó",Quibdó,(+57)6061743043,(+57) 609 538 50 22,lgiraldo@example.com,miguel23@hernandez.org
CON585,"Cr. 2E # 19F-91 Sur, Calarcá",Calarcá,(+57)3271333447,+57 312 639 34 36,maribelsanchez@example.com,leidy73@orozco-jaimes.com
CON586,"Calle 45 # 8-6 Sur, Dolores",Dolores,(+57)3192897487,(+57) 301 148 62 67,rafael19@example.net,vsalazar@ortiz.com
CON587,"Cl. 44 # 7-75, Sabanagrande",Sabanagrande,413 88 50,3123622033,ester24@example.com,alexanderrodriguez@vergara.org
CON588,"Av. Macanal # 5-73 Este, Cabuyaro",Cabuyaro,(+57) 601 339 48 40,323 008 69 66,molanomartha@example.com,anacamacho@quintero.com
CON589,"Cl. 92 # 44-46 Este, Unguía",Unguía,603 956 24 15,(+57)3172562926,gabrieltorres@example.net,sandra81@blanco.info
CON590,"Cl. 41 # 86N-7 Sur, Toledo",Toledo,+573106180919,576025158144,qflorez@example.org,osanchez@cano.com
CON591,"Dg. 42 # 7-6 Sur, Manatí",Manatí,573230993842,+573130428973,sernadario@example.net,perezyulieth@espinosa.com
CON592,"Calle 61 # 6-31, Roberto Payán",Roberto Payán,318 527 72 21,(+57)3204303054,ivillamil@example.com,maria34@prieto-gomez.com
CON593,"Cl. 4U # 84-7 Sur, Manatí",Manatí,3073720376,308 821 45 84,ortizalexander@example.com,krodriguez@moreno.com
CON594,"Cl. 96 Este # 6-32, Regidor",Regidor,(+57) 605 320 64 47,57 608 823 09 40,arios@example.net,lmoreno@acosta.org
CON595,"Av. carrera 9ª # 7-52 Sur, Santa Cruz de Mompox",Santa Cruz de Mompox,+576019053424,604 664 98 37,adriana62@example.com,miguelmejia@pabon.info
CON596,"Cl. 40 # 96-8, El Molino",El Molino,57 608 720 38 18,+57 604 108 28 32,morenoluis@example.com,munozvanessa@nino.biz
CON597,"Dg. 46W # 1-80 Sur, Tarapacá",Tarapacá,(+57)6097504205,+57 325 697 71 43,jhonsalazar@example.net,sarmientojuan@gomez.biz
CON598,"Cr. 39 # 6-46 Este, Uramita",Uramita,+57 311 977 31 73,573162487238,edgar65@example.net,fredysanchez@navarro-giraldo.info
CON599,"Dg. 22 # 48-79, Anolaima",Anolaima,(+57) 603 464 95 78,+57 603 798 32 48,alexanderospina@example.org,patricia81@ruiz.com
CON600,"Carrera 16 # 54G-7 Sur, Barrancominas",Barrancominas,+57 306 215 95 84,874 91 61,quinteromarlon@example.org,molinadiana@caicedo.com
CON601,"Carrera 198L # 11-4, Villarrica",Villarrica,+573024329839,314 296 18 44,kbernal@example.com,qgarcia@salazar.com
CON602,"Cr. 44 # 3-85 Sur, Recetor",Recetor,57 306 749 78 52,+57 309 141 68 60,diazoswaldo@example.com,jbetancur@pinto.com
CON603,"Av. calle 8ª # 96-3 Sur, Nueva Granada",Nueva Granada,(+57)3117588914,(+57) 304 498 35 53,dorissuarez@example.com,mcastro@camacho-diaz.org
CON604,"Calle 80 # 72S-76 Este, Medio Baudó",Medio Baudó,3189971842,018005969325,jimenezivan@example.com,jeisonnaranjo@diaz.com
CON605,"Dg. 40 # 11-77 Este, Chaguaní",Chaguaní,315 607 67 61,573245345472,marinaorozco@example.net,edgargonzales@martinez-torres.com
CON606,"Av. Fredy Iván Contreras Bravo # 3-55, Envigado",Envigado,57 602 206 90 33,576084790306,alfonsoguevara@example.org,cristina95@carvajal.com
CON607,"Calle 123 # 4-50 Sur, Guachetá",Guachetá,+57 317 331 16 77,(+57) 604 869 60 84,hangulo@example.com,maria89@velasco-calderon.com
CON608,"Cl. 78X Sur # 8-9, La Llanada",La Llanada,3156511810,+57 602 120 31 73,hnavarro@example.net,luz39@garcia.info
CON609,"Avenida carrera 5ª # 9-5, Rionegro",Rionegro,602 663 09 00,(+57) 304 633 39 99,edison53@example.org,cortesvalentina@perez.com
CON610,"Carrera 19 # 14-7 Sur, Vélez",Vélez,2391065,018000170462,sebastianmantilla@example.net,yrivera@polo-fajardo.biz
CON611,"Carrera 6I # 80-51, Íquira",Íquira,(+57) 318 414 59 33,+57 609 872 79 56,cristianduarte@example.net,silvaandres@garcia-ospina.com
CON612,"Cr. 97 # 49C-72 Este, Yotoco",Yotoco,57 313 460 60 56,6038356793,wjaimes@example.net,danielaguzman@perdomo-mejia.com
CON613,"Calle 80R Sur # 56U-7 Sur, Albán",Albán,57 307 945 77 27,018005324264,aurarodriguez@example.com,mariapena@melo.com
CON614,"Cr. 168 # 4-1, Medio San Juan",Medio San Juan,309 705 19 58,3063280944,jose23@example.net,nelly54@gonzalez-gutierrez.com
CON615,"Tr. 6O # 21-19 Este, Aguadas",Aguadas,+57 607 431 21 10,(+57)3001658373,lcalderon@example.com,miguel90@diaz-rodriguez.com
CON616,"Diagonal 74 # 44-7 Sur, Norcasia",Norcasia,313 804 42 10,(+57)6081750961,ruizangel@example.com,jaramillomiguel@cardona-villamizar.info
CON617,"Calle 10G Bis # 34K-6 Sur, Palmira",Palmira,+573006624813,573035707139,luis28@example.com,gonzalezpatricia@lozano.com
CON618,"Transversal 73 # 34-6 Este, Soatá",Soatá,573196919284,(+57)3152597107,elvira35@example.net,stevenpabon@ceballos.net
CON619,"Calle 85 # 82-1 Sur, Fresno",Fresno,315 151 22 94,(+57) 312 135 41 59,lrodriguez@example.com,doramunoz@castro.info
CON620,"Cl. 37W # 23-21, Ciudad Bolívar",Ciudad Bolívar,57 321 285 24 64,018004494116,leandrocortes@example.com,carmenbarragan@acosta-gonzalez.com
CON621,"Cr. 14 # 5J-82, Barranco de Loba",Barranco de Loba,57 604 807 20 11,01 8004 409 712,patriciabuitrago@example.org,zapataalvaro@perez-rodriguez.com
CON622,"Calle 3ª # 3-4, Cartago",Cartago,57 315 516 51 76,018000866281,yesicagonzalez@example.com,danielafranco@rodriguez.info
CON623,"Calle 10 # 66-81, Baraya",Baraya,+573268297514,(+57)3243974292,christian10@example.com,uarias@rivera.com
CON624,"Calle 100 Este # 2-4, Montería",Montería,(+57)6071147165,573156534699,lacevedo@example.org,frendon@romero-munoz.info
CON625,"Calle 19 # 70-44 Sur, Hatillo de Loba",Hatillo de Loba,+57 316 046 55 86,3252548374,ana71@example.net,nelson10@arevalo.com
CON626,"Cr. 1Q # 11-11, Fonseca",Fonseca,(+57)3115532341,57 319 597 75 24,diana82@example.org,marlenylozano@pena.com
CON627,"Cr. 49 # 69X-8 Este, Pueblo Bello",Pueblo Bello,3254362718,+573249603358,alexandercuesta@example.com,vicenterodriguez@florez.com
CON628,"Avenida carrera 177 # 7-7, San Benito Abad",San Benito Abad,+57 607 356 26 50,(+57) 608 392 31 06,gladys07@example.com,angiepedraza@castro.info
CON629,"Diagonal 192 Este # 23Z-76, Mapiripán",Mapiripán,+57 328 081 90 48,3035715586,wtorres@example.net,gpacheco@bedoya.com
CON630,"Calle 40 Bis # 3-4 Este, Ulloa",Ulloa,+573113739900,+57 313 140 35 26,aliciavelasco@example.org,isabelvargas@munoz.com
CON631,"Avenida La Plata # 4-50, Lorica",Lorica,+57 320 403 25 37,+57 315 769 27 78,william31@example.net,loaizahernando@martinez.com
CON632,"Cl. 140T # 39-49, Saravena",Saravena,3153231677,018001456474,estefaniaocampo@example.org,danilo53@avila.info
CON633,"Av. Bogotá, D.C. # 8N-48 Este, Alejandría",Alejandría,+576089451957,3055882556,carlosarias@example.com,milena78@mosquera-mejia.org
CON634,"Dg. 9K # 6M-22 Este, Suárez",Suárez,57 327 941 76 34,(+57) 606 650 73 30,ylondono@example.com,marly59@ramirez.org
CON635,"Av. carrera 15 # 5-9 Este, La Merced",La Merced,01 8004 882 691,+573011964258,rosalba61@example.net,david15@marin.com
CON636,"Carrera 7ª # 8M-3 Sur, San Martín de Loba",San Martín de Loba,573014526471,573046335157,silvamaria@example.net,bejaranoluz@lopez-rodriguez.net
CON637,"Avenida carrera 87 # 48-7, Donmatías",Donmatías,(+57) 329 696 45 46,57 315 358 51 25,williamescobar@example.org,glozano@torres.net
CON638,"Carrera 157 Sur # 6E-21 Este, Entrerríos",Entrerríos,(+57) 309 409 76 26,(+57)3074845398,isanchez@example.net,nelson90@gallego.com
CON639,"Cr. 9ª # 98-7 Este, Pore",Pore,+573045273466,573261707158,tleon@example.com,angel08@diaz.com
CON640,"Cr. 3ª # 39-8 Este, Puerto Lleras",Puerto Lleras,573082709081,573141529821,jramirez@example.net,duvan86@barbosa-camacho.com
CON641,"Cl. 146N Bis E # 9-8, Ábrego",Ábrego,304 270 86 68,(+57) 322 634 35 17,andrea30@example.com,mgil@arboleda.org
CON642,"Calle 3ª # 67-98 Sur, Maripí",Maripí,321 296 18 03,+573024260508,gonzalezenrique@example.net,suarezedwin@caceres-estrada.com
CON643,"Carrera 23 # 59-92 Sur, La Virginia",La Virginia,573223039111,(+57) 302 817 85 22,estherrodriguez@example.org,jose08@lara.info
CON644,"Cr. 138M # 7-84 Este, Guaduas",Guaduas,314 458 77 17,+573135560932,munozignacio@example.net,mjimenez@torres-jaramillo.com
CON645,"Carrera 108R # 2-1, Sativanorte",Sativanorte,3223120387,57 310 997 70 08,hrodriguez@example.net,andres40@guerra.com
CON646,"Diagonal 2ª # 9-7 Este, Granada",Granada,(+57)3146125360,+57 314 004 74 86,jcarvajal@example.com,jose81@rodriguez-bernal.biz
CON647,"Cl. 99 # 22-14 Este, Murindó",Murindó,324 027 40 67,57 318 267 62 59,sepulvedaruby@example.org,benitezolga@ramirez-palacios.com
CON648,"Av. Muñoz # 4R-5 Sur, Florida",Florida,+573144950609,(+57)3180627456,ohurtado@example.net,carlos07@hernandez-riascos.com
CON649,"Avenida calle 23 # 8-93 Este, Arroyohondo",Arroyohondo,(+57)6074105703,+576057667005,mmedina@example.org,geovannyvargas@restrepo.com
CON650,"Calle 9ª # 16-8, Muzo",Muzo,(+57) 604 864 47 89,+57 325 954 17 60,carvajaleva@example.com,albeiro58@rodriguez.info
CON651,"Cr. 87 # 7-3 Sur, Tocaima",Tocaima,(+57)3195142954,3196695421,sbenitez@example.com,vhernandez@sierra.com
CON652,"Calle 166 # 24-8, Turbaná",Turbaná,9389191,324 050 13 32,castellanosyamid@example.com,juan60@garcia-lara.info
CON653,"Cr. 47 # 68Y-38, La Plata",La Plata,57 327 487 70 07,01 8008 125 325,sanchezcesar@example.net,caicedoclaudia@parra.org
CON654,"Avenida Patricia Paola Rodríguez Muñoz # 8-64 Este, Santiago",Santiago,573166486741,(+57) 313 712 06 31,kquintero@example.net,cramos@munoz.com
CON655,"Av. calle 143 # 7-68, Simijaca",Simijaca,57 609 821 56 03,(+57)6057088035,nidia04@example.net,rojasyamile@castro-osorio.org
CON656,"Transversal 27G # 67P-9 Este, Rionegro",Rionegro,316 274 80 66,601 712 62 03,vicente65@example.com,perezpaola@martinez-franco.net
CON657,"Av. calle 6ª # 6-6, Puerto Tejada",Puerto Tejada,602 993 96 87,573271708049,juanramirez@example.org,maria19@garcia-corredor.com
CON658,"Cr. 62X Sur # 7-7 Este, La Cruz",La Cruz,(+57) 326 067 34 76,321 499 86 32,daniel10@example.org,rosa27@perez-lopez.com
CON659,"Carrera 88 # 12-7, Florencia",Florencia,301 459 68 89,609 109 61 96,clara52@example.org,hernandezluz@alzate.net
CON660,"Calle 77 # 2-94, Salazar",Salazar,+57 321 794 77 95,1034522,francydiaz@example.net,luzhernandez@giraldo.com
CON661,"Cr. 5ª # 4-5, Tarazá",Tarazá,(+57)3070433331,018008384561,consueloreyes@example.net,ortizmarina@vega.com
CON662,"Carrera 6ª # 7-64 Sur, Medio Atrato",Medio Atrato,57 313 170 87 30,+576077210273,manuelcardozo@example.com,dhoyos@pinzon.com
CON663,"Cl. 2V # 4W-9, Uribia",Uribia,3064897100,570 78 12,yesica13@example.org,omar94@castro.com
CON664,"Cl. 168C # 5-82 Sur, Puerto Nare",Puerto Nare,325 125 83 79,6044053669,jacquelinemoreno@example.com,milenabarbosa@castillo.com
CON665,"Cr. 3W Bis # 19-6 Sur, Valparaíso",Valparaíso,573251837847,+573219888374,victormosquera@example.net,npalacios@mora.com
CON666,"Av. Guillermo Amaya Narváez # 50-20 Sur, Riohacha",Riohacha,(+57) 329 333 52 86,(+57) 310 138 55 00,juanserna@example.com,dariorodriguez@garcia.com
CON667,"Carrera 168 # 2-1, Gualmatán",Gualmatán,+573070907037,(+57) 320 886 69 32,sierrahector@example.net,jaramilloalexis@moreno.biz
CON668,"Diagonal 66 # 5Y-57 Este, Moñitos",Moñitos,018008839237,(+57)3190972285,eduardocaicedo@example.com,maritza13@solano.com
CON669,"Diagonal 22 # 4-88 Este, Rivera",Rivera,3064053273,573288593428,fernandocordoba@example.org,mavila@caro-buitrago.net
CON670,"Avenida Boyacá # 26-2 Sur, San Andrés de Tumaco",San Andrés de Tumaco,+57 310 361 18 92,(+57) 310 555 46 54,jairosierra@example.org,qmora@sierra.com
CON671,"Carrera 67 # 9V-27 Este, Piedras",Piedras,(+57)3002656477,609 815 88 21,giljose@example.net,patricia07@escobar.com
CON672,"Cl. 1ª # 7C-39, Coromoro",Coromoro,57 322 386 97 42,606 173 68 38,pedro70@example.net,beatrizocampo@cordoba.com
